Max. Voltage Dischar. (V),Min. Voltage Charg. (V),Time at 4.15V (s),ID,Cycle_Index
4.00867198264057,2.8591505462731495,5425.067074429243,100,1
4.572856400925717,3.9385827258220036,5426.342477826903,100,2
4.863726790398659,2.852733202016325,5453.574409363894,100,3
4.319498723411113,2.4737899700316985,5438.456985001125,100,4
4.80390105271768,3.627463170152653,5459.797453059507,100,6
3.322251247565724,3.393524484283056,5095.233629381715,100,7
4.454451737473434,2.9650271487527866,5115.915758639852,100,8
3.671092923321399,3.0687190814097436,5142.501208388667,100,9
3.495123257023193,3.4926176584841944,4943.063485201548,100,10
4.354345922085809,2.659114856005651,4938.302480180623,100,11
3.8289167525330847,4.073583477837893,1953.9837949560397,100,12
3.639150253462167,3.7522453703448493,5244.007586439027,100,13
4.417626315564727,3.46909903782982,5265.593745378547,100,14
2.966213080057337,4.03181973566614,5091.379037259091,100,15
3.6530408647499693,3.311536802549754,5251.388909257359,100,16
3.718929137156488,3.9668241751078543,5223.388038959076,100,17
3.713423091809561,3.640931676498417,5174.630143649243,100,18
3.7195872204594274,3.3869735399774896,4998.080300537101,100,19
4.0269157240109825,3.081240057476682,5174.947946084101,100,20
4.326948448067241,3.698983295629198,5216.375330172515,100,21
4.063540593383358,3.38389596089376,5069.049941012401,100,22
4.045317375186345,2.948586869119155,5180.979201486947,100,23
4.428904846537007,2.732019292182629,5188.754513713421,100,24
4.047894160586607,3.807487038684506,5160.7018426052355,100,25
3.7073816131414588,3.5615448567865915,5173.810321540449,100,26
4.64678742220603,3.602421653949277,4950.173745386387,100,27
3.5915624194491502,3.529035588317311,4942.079308217682,100,28
3.918281043827791,3.80879827508414,5125.177796117673,100,29
3.6942435705774113,2.485969584242823,4984.128130718918,100,30
3.4978189692290425,3.0865686690866654,4929.378457761903,100,31
4.137642675785922,4.525390492963372,5069.185312696902,100,32
3.7736879049761933,3.797673218854257,5138.914362542285,100,33
4.070195211164434,3.575084024016277,5125.159926804362,100,34
3.453634406783546,3.8917437388854084,5071.367492479797,100,35
4.514185911240289,3.294318834978329,4936.468737676964,100,36
4.054782052997953,3.8457896434819228,5132.684521188265,100,37
3.353787122718237,3.5546042305637853,5145.909996852751,100,38
4.412619701361942,3.750227449641546,5125.482270946524,100,39
4.427086095099957,3.1270927991300135,5118.913957005056,100,40
4.419407929694949,3.782406428108331,4907.867842516745,100,41
3.8909976487452265,3.322973156364763,5105.074503069298,100,42
4.374547006355716,2.8417607372261147,5034.201867201539,100,43
3.830863147071991,3.185982435044164,5027.489937320958,100,44
3.059937395145989,3.096102768937274,5082.8390938518305,100,45
3.9497977449825825,2.6714269430359225,4907.900874471245,100,46
3.7024611774893494,3.556775562491202,5034.663645578568,100,47
4.1998142629886095,3.673991877676034,5069.014822292026,100,48
3.923816453952448,3.094080377786742,5026.423565088817,100,49
4.495279343845017,3.288638272736106,5013.825834850679,100,50
4.256265745942477,3.57098636265954,5058.05782854939,100,51
3.5745593024859326,2.1172179036370933,4999.491029106941,100,52
4.45987471413662,2.5262324555257205,4999.107014226196,100,53
5.118351935483788,2.9939939949627465,5041.417763648575,100,54
4.395278670867085,3.4414817626937495,5034.244401674624,100,55
4.096272205634729,2.806194518622174,4887.2158714093275,100,56
3.843268655201562,3.0790644261441704,4985.691914590715,100,57
2.9094421632391567,3.863391216917238,4810.99660910894,100,58
4.44420999783126,3.548480616453352,4948.526750237364,100,59
3.170058473875063,3.4244150439452756,74010.66123517595,100,60
3.823534522503843,3.430162298486273,5141.707231977938,100,61
3.93655773664809,3.0084861601961377,5031.176793866115,100,62
3.830370324267743,3.189347949555451,4993.971299936072,100,63
4.207472846937925,3.1382759681012398,4921.736068957554,100,64
3.1424452910115326,3.833993556875644,4814.532647816255,100,65
3.6365087772720113,3.727822841721127,4947.262605483939,100,66
3.720168313375606,2.9004649678477934,4994.464531574311,100,67
3.4744699361993012,3.0252931098629428,4987.734702655481,100,68
4.111650487081023,2.914908214923962,4961.028332231802,100,69
5.056061250748728,3.6585860049588876,4954.885919510073,100,70
3.9104631983887317,3.452021992114749,4850.408535497463,100,71
3.666437422526222,3.100971237914051,4916.848932334897,100,72
3.994372720546075,3.2966364967079094,4912.00739230478,100,73
3.3836357800575407,4.288395505551474,4959.317193578418,100,74
3.624947651711481,3.070608302172067,4889.880082351408,100,75
3.898286614662679,3.3618285827793626,4882.454010737447,100,76
3.786568960500113,3.6298234098460718,4768.218729782885,100,77
4.388805644234244,3.06112568472258,4911.3517880796535,100,78
3.756815474804914,3.543392340934724,4874.15040005707,100,79
4.012148194806646,2.5752560212687667,4910.063253785561,100,80
4.280918729466698,3.073315177361062,4889.99148106646,100,81
3.713565206297289,2.746857815538389,4867.997174486654,100,82
4.687216664219133,3.3772806711114707,4688.251138917901,100,83
4.050918858886802,3.515378146071895,4680.962879627702,100,84
4.664463158699418,3.3025965298611837,4840.103782933324,100,85
4.365803570386805,3.7805387429505037,4868.131817914359,100,86
4.244829570796805,3.944730791027637,4897.232766788528,100,87
3.501727085857234,2.76412022187814,4826.518715998113,100,88
4.339065632719142,4.308558818194566,4897.253723223034,100,89
3.952262643123989,3.1241310878835074,4808.1516034200085,100,90
3.719203428139647,2.591329036333048,4886.496633137669,100,91
3.613329747784695,3.8131156447947534,4831.667875272582,100,92
4.428350354612116,3.442957838700682,4810.170063041583,100,93
4.021318625062984,3.0114625618507405,4820.41998681207,100,94
3.5916409897286927,3.356938791553376,4838.281816850811,100,95
4.206001753558093,3.0363498442778805,4826.501946978636,100,96
3.8812417364019303,2.7707994779136866,4802.603721927456,100,97
4.063909131776588,3.026695749988974,4825.928453324637,100,98
4.674722826510848,3.468175674762198,4730.416840223692,100,99
4.728223066470015,2.852987730605487,4725.006743591521,100,100
3.205720608112112,2.9897270770247344,5418.448352362714,101,1
4.403042582154668,3.0781901122837834,5433.195185693426,101,2
4.142505803297966,3.9922345204598164,5460.237280706621,101,3
4.074664557011343,3.4128193024197317,5438.059081024255,101,4
4.895291953385783,3.3205491747066813,5467.623037798462,101,6
3.3180703803323848,4.052628593799758,5109.211602374658,101,7
3.159087439382038,3.37805181614664,4988.658426242063,101,8
3.723066111174634,3.7852191242402826,5066.402999062218,101,9
4.455933015088479,4.581310512228868,5122.943099255177,101,10
4.277359054611494,3.082457690518074,219417.3443756905,101,11
4.345730353418192,4.1495864040402255,215227.02657115634,101,12
3.6746072915890045,3.9167561512764637,5244.835889677647,101,13
4.0574987660745645,4.314642878007897,5097.654430052401,101,14
3.9318612256719683,3.431178272431863,5244.793573269744,101,15
3.209115354218717,4.24065421236102,5196.282593960453,101,16
3.4463961647275676,3.9400079677738478,5083.050299329007,101,17
3.9331718991489915,3.0930650439902867,5216.193362957452,101,18
4.15744843870659,4.075911858240272,5209.648255770185,101,19
4.039877172458612,3.0650732624182266,5153.627194692855,101,20
4.232425859855352,3.325016844101441,5160.445044140325,101,21
4.128581637267894,3.852631465155932,5194.376807280992,101,22
5.113516466445956,3.0004262467866765,5062.202901938977,101,23
3.644138797684273,2.855111848499389,5188.105616401112,101,24
3.888913016690517,3.6820025918970054,5188.303984531491,101,25
3.7222435370805638,2.689637907331955,5124.699972688516,101,26
4.908658075009927,3.880297067803153,5034.508554411279,101,27
4.179931883498153,3.72927529991739,4942.809702707834,101,28
4.404163069745908,3.5527651618843934,5146.119737332802,101,29
4.623177758877167,4.024027888083261,5153.297396605294,101,30
4.221610989914167,3.229807344908554,5138.628465149026,101,31
4.953061873079089,3.559880958517502,5139.1761244824265,101,32
3.377915995017517,3.2722881675505016,5132.048927606604,101,33
3.938428963735836,3.744095821385541,5111.144214645434,101,34
4.384726674749479,3.729408340195474,5096.439542720258,101,35
4.358876916201981,4.2328970498772565,5111.569346646741,101,36
3.307196567518473,3.6238702861382777,4971.212450630934,101,37
4.089231742382386,3.3249275930239435,5081.8734109699035,101,38
3.8366003790913883,3.908196191851168,4984.885219425712,101,39
3.490431365687763,3.4991002824835,5089.068761179864,101,40
4.027285943246583,3.316330790110492,4970.377207037115,101,41
3.8735643225716156,2.6792928482515963,5027.263399475336,101,42
4.560758648876572,3.4506945604068155,5069.240772174889,101,43
3.1812762060951014,3.938570192269478,5062.310992535315,101,44
4.5742991396827435,3.9139369718783152,5062.24432897187,101,45
4.9101621052565285,3.5395886974065673,4873.195576180081,101,46
3.5550540348385673,3.64929984149337,5041.063089254718,101,47
3.194392916958207,2.2721371395698458,5026.297710215388,101,48
3.914869472034602,3.1494588333981413,5027.205403918651,101,49
4.70483218065771,2.851934048518839,4880.348564239919,101,50
4.272213491164541,4.597856028085733,4971.063914602548,101,51
3.7451771070799573,3.862693358117166,4845.917863315994,101,52
3.3861814067483813,3.624548487615764,4999.733574767417,101,53
3.9360723579652546,3.2105859447669274,4832.342371531036,101,54
3.741928519656851,3.0380112610688252,5000.167775424427,101,55
4.986782154940078,3.6968078445214365,4963.713738453081,101,56
3.9296286865826175,2.868112071743588,5020.60870741929,101,57
3.720621108962791,2.8827989808705974,4957.354947898971,101,58
4.789808692702189,2.7515127043849574,4955.438390741556,101,59
4.33357065321395,2.918857799926795,76619.13504786657,101,60
3.909812646325451,4.08231868386982,5264.373105015978,101,61
4.355912653346925,2.7140378434605372,4856.489267603541,101,62
3.8724539129698035,2.9705084234173804,4970.476548037953,101,63
4.59468759525585,3.534289420468573,4825.105284828088,101,64
4.118455452233194,3.8154013306804693,4849.354082435478,101,65
3.387456640858137,2.263758087496242,5008.570582417624,101,66
3.840490993435677,3.2429105787789783,4969.231121126909,101,67
4.246776185896187,3.5403623560106814,5000.680952292797,101,68
3.711752324182808,3.507659651331632,4961.399182582985,101,69
2.745031719856496,4.118216479792959,4767.623269316162,101,70
4.150162257430052,3.171484714374567,4946.667155677167,101,71
3.4955019430462126,3.1231509002216113,4969.1405406062395,101,72
3.7238426886652403,3.4635586090826753,4905.209908615938,101,73
3.152828970668865,4.187055528212325,4788.764185512998,101,74
4.053464303795121,3.2146509525154,4736.771227930107,101,75
4.393041717428008,3.8910116627189986,4940.059726389338,101,76
4.396044571991539,3.672737067051944,4940.200091149338,101,77
2.8407137227399613,2.4246557369989197,4928.378663667083,101,78
4.478008799972001,3.4372600823181636,4880.175689769558,101,79
4.040581635910166,3.264456156436684,4850.7340157208855,101,80
3.3462034898065665,3.5653016654742773,4922.51477374151,101,81
3.8253557469811956,4.104357963294598,4916.310913456775,101,82
4.169064990849161,2.9035139763746933,4880.745330343207,101,83
3.8716417455819037,4.159678764080299,4759.980476308893,101,84
4.430403286807211,3.7088465986963914,4868.459064324073,101,85
3.385618034097144,3.205324921596705,4862.177788736488,101,86
3.6366802102599745,3.7106617431361277,4860.849913500357,101,87
5.093949587477269,2.901707702190854,4817.955376468155,101,88
4.609817124964003,3.337013131196789,4816.70401503525,101,89
4.481155950784855,3.427024656850802,4868.746443276991,101,90
3.5471206036872913,3.987308284618954,4867.729227108793,101,91
4.31429758504155,3.3227198685250814,4802.246177887818,101,92
4.61564057393101,3.9659911379694957,4790.168940056577,101,93
4.316950398699932,3.233330847973475,4844.400415415086,101,94
4.25248537377708,3.314170103994255,4745.56913262966,101,95
4.173745106768363,4.541490751439554,4754.603800576615,101,96
4.062629405239985,2.979712198095798,4831.7439001699495,101,97
4.78102914235003,3.8431210063061507,4731.48760703963,101,98
3.803886994373359,3.151880923107045,4809.683824772192,101,99
4.611379879367356,3.26910763912735,4790.841635947519,101,100
3.8863501531774873,3.225339555441205,5453.299735255999,102,1
3.5409411486385083,3.3875289405274005,5505.64377398385,102,2
4.786870483271903,4.113188353566269,5411.043812007888,102,3
4.128055162454353,3.1107361095751656,5439.566238961375,102,4
4.873349330378704,3.4298656631100486,5446.199523508997,102,6
4.021973400721178,3.4665791940586215,5023.343131091631,102,7
3.769700810934598,3.6275287754978356,5149.515613727047,102,8
4.528612657820031,3.738233514215548,5025.045781103089,102,9
4.685575758334161,3.5905081512191965,5129.8546258963315,102,10
3.6018886738583604,3.069869754901583,219152.81713986112,102,11
4.231542835011955,3.4655738871323107,1968.1842796826913,102,12
4.646831328882666,3.350486391936929,5243.760478731774,102,13
5.2554140414206225,2.7792218490166682,5255.197791167753,102,14
4.117047710242444,2.783382678614596,5230.058647347333,102,15
3.3995628119312653,2.268415367716001,219923.91154719982,102,16
4.639230747653696,3.1700802101275034,5110.533935406829,102,17
4.274813153766264,2.4370287578569183,5215.708161359752,102,18
4.2224816530019105,3.421420667437051,5168.04633508922,102,19
4.13201644325335,3.1711830294772296,5173.8551633218,102,20
4.280920033968396,3.1338828812696753,4984.449456554724,102,21
4.757143103452645,3.5745741756198526,5188.267166136887,102,22
3.838758286273592,3.977741804791332,5062.17695169096,102,23
3.241576856258689,4.091206790585051,5154.184287331342,102,24
4.206110008705944,3.1817296897281624,5132.956675547843,102,25
4.73614576860407,3.3735942864947197,5139.517556412141,102,26
3.389381446446655,2.7357362063501354,5118.365500198364,102,27
3.4473657038842545,3.572022244381694,5027.508958255709,102,28
3.165220241185928,3.7545400634465698,5146.41587202643,102,29
4.0690090349823835,3.7345106500482768,5146.633289661871,102,30
4.134300471003225,3.5427500194268244,5139.56496871875,102,31
2.9775710583353288,3.2279451243416264,4922.297859599489,102,32
4.385693533782119,2.9219847607487504,5083.462234228471,102,33
3.8817820512856867,4.224693509478714,4915.866788052597,102,34
3.3137042087397535,3.716638163404411,5096.344680981461,102,35
3.8006129473557313,2.9699526891675054,5090.881634403394,102,36
4.312082962623994,4.2444986971608545,5138.569883659276,102,37
4.895145729059724,3.7512067730842564,4922.755967056234,102,38
3.308763604830247,3.2362701173780852,5124.65663278865,102,39
3.9080002641262745,4.086998280239672,5025.55292872186,102,40
4.216763626510739,3.3735133629419405,5075.517651870193,102,41
3.5896579987795505,3.305494576654672,5027.809840732221,102,42
4.229194658077392,3.9033511865481683,5097.448613212799,102,43
4.465777531107826,3.8933027943212473,5063.606818337812,102,44
3.9241588626941963,3.498769594343438,4915.591921829589,102,45
3.521885430735286,3.500707013808273,5055.363428064593,102,46
3.838200090490605,3.0449280961695147,5068.701120957588,102,47
4.0810150284059805,3.3957457905338018,4886.791325585527,102,48
4.416789765929213,3.3570502719996886,5033.708869986235,102,49
4.87087374765663,3.280465581590902,4880.939929389031,102,50
4.076691414045881,3.4502234412872985,5044.359232505463,102,51
4.434577381336264,4.584954394310909,4985.393715962756,102,52
4.245289291267439,3.4157507365176616,5049.252885567223,102,53
4.150332988221114,3.820423485630333,4858.911827533858,102,54
4.6477118638393655,4.69133815042343,4964.622126877898,102,55
4.159214590093055,3.4341996590334727,4963.954461669451,102,56
4.54386000668667,3.4504083210789367,5020.540450100341,102,57
3.255694006862832,3.0643537033109958,4950.240307699644,102,58
4.084330477672576,4.269091110148857,4801.973796464945,102,59
4.813497471974916,3.63923747864776,74009.8183159426,102,60
3.537873528181386,4.068418376775791,5271.837729695081,102,61
4.209170738265758,3.853180015857198,5099.060292099202,102,62
4.228525605738447,2.896970467384831,4832.267109135829,102,63
3.9472071414687186,4.008747762328086,5030.040259662298,102,64
3.971141333507087,4.49510741649259,5012.865316171589,102,65
3.6833643012998216,3.6131937532353877,5013.088450032455,102,66
3.377336339617446,3.3335629121483863,4997.87762973602,102,67
4.34286178862618,3.6323880193363642,4825.005918095096,102,68
3.838718491965929,3.5384460797638404,4970.083132184945,102,69
4.069161073826283,4.1552130874066835,4925.855917829654,102,70
3.59162766403326,3.622597282007593,4922.64766065537,102,71
3.3557850335409256,4.001572002764812,4847.391444539957,102,72
4.2896129628678805,3.2592122500340213,4964.359590751372,102,73
4.010587692801444,3.550419173869536,4898.774793206962,102,74
3.9128562893296115,2.961249901054358,4909.840323928961,102,75
3.8897720434876235,3.5327722183776924,4903.677904266472,102,76
3.612925865835484,3.594867274832098,4868.4051105490025,102,77
4.007733364863312,4.518248883312603,4928.539092643636,102,78
3.8087569610869636,3.6928741892710564,4867.504946844639,102,79
3.6583158305564116,3.278584282883656,4850.433281519716,102,80
4.638813381435054,2.965340440733247,4922.4336303327855,102,81
3.1188603002044797,3.3449482412901084,4869.220475484998,102,82
4.0074061694490055,3.8674920579161944,4837.841049548417,102,83
4.019795595643797,4.092470922310923,4871.281489420474,102,84
3.8391502508377484,3.37065703666211,4868.672544093843,102,85
4.106979309273451,1.9653321642888795,4911.753128258297,102,86
3.429091742947097,3.2774948238922406,4860.701337062907,102,87
3.578895349457429,3.025514217823977,4886.50684012805,102,88
3.6166830513916377,2.2053000133358776,4879.527416445827,102,89
4.226508857330377,4.103156984284108,4831.690548420483,102,90
2.5554583139901625,2.3374398889080954,4886.072482693403,102,91
4.022504210490974,3.325338411556764,4880.002318653587,102,92
3.5363688074424804,4.154197990184762,4652.177050358244,102,93
4.020753149091401,3.3552338557968358,4844.137044089643,102,94
4.696114174730654,2.7750910033091243,4814.253434526526,102,95
4.486475531365229,3.3611773331543993,4631.484016762685,102,96
4.427769799113116,3.0949302244552124,4623.972375355665,102,97
4.82162521099156,3.169461205253984,4824.855499652305,102,98
4.633859384738015,3.2897184306286364,4817.979469228237,102,99
3.412824101171185,2.9121711038739337,4831.293880611122,102,100
3.6179208242285723,3.050065563573894,5424.984126254497,103,1
4.191016083580559,2.9621205490900557,5481.438887336339,103,2
4.067182924147658,2.3680594750228185,5467.438602883918,103,3
3.3100010632456405,3.7660377186802734,5467.1055219260425,103,4
3.4570661273299104,3.334930534503018,5410.402515847757,103,6
3.498971918364458,2.811960496650352,5024.860575992897,103,7
4.828109204586688,4.0865721152835635,5116.598315787032,103,8
2.9865099627571814,3.602743154432503,5072.120478435046,103,9
3.958121124655966,3.574170859561587,5060.340048271168,103,10
4.151305041308111,3.537624461624311,219418.06097798803,103,11
4.207928085084424,3.3226119715030316,1953.9461491431316,103,12
4.023529876469754,2.5903819580583374,5215.90313888856,103,13
4.949158621571331,3.194364763725665,5046.348029321236,103,14
4.3627663265047225,3.9916455612159165,5244.7826890439665,103,15
3.6204351079453647,3.890679722640604,219923.68757678027,103,16
4.147121079955301,3.588951218062368,5112.269196656115,103,17
3.4747199269209874,3.2572148969196677,5223.223358200479,103,18
3.856903868525121,2.8096189045022877,5209.309306867753,103,19
3.6980070205455133,3.4828074112174474,5159.866747524214,103,20
4.646451017173146,3.290944442012409,5146.410878172781,103,21
4.027430160449138,3.0086049555403895,5188.551307880733,103,22
4.749711073466394,3.671500144357004,5132.461745972139,103,23
3.9145541660341405,3.103140322096076,5188.366708006262,103,24
4.137944810307114,3.91480898839915,5132.271574218483,103,25
5.188606541342061,2.7958488515227566,5117.971536354992,103,26
3.409730553556239,3.3069054732366294,5175.213421111323,103,27
3.7895574163514745,4.6017588281905795,5153.702482922376,103,28
4.359136678227145,3.6684866999906913,5132.66917079772,103,29
3.069065909342278,4.298414210277102,5146.179616088404,103,30
5.172801923277495,2.873059274018186,5125.330498659022,103,31
4.272186394341643,3.321150919579096,5090.394895720145,103,32
4.781031985214356,3.9836873278794602,4923.104778008425,103,33
4.578083086400888,3.9983377066910184,4963.512104318542,103,34
4.598548311547253,3.706972203457058,5032.947336286188,103,35
3.7077969164832725,3.707183760653054,5083.4357152726725,103,36
4.464032221017984,3.7772464094409877,4901.687558109097,103,37
4.354912691375943,3.613695049583926,5118.28061757756,103,38
3.9118762076221705,3.412819804509663,5098.077432978771,103,39
4.851705573591936,3.0874052600028437,5115.263544033796,103,40
3.2820843446969263,3.033952268061132,5020.422279810677,103,41
3.920573821914371,3.16788805431166,5076.858947959584,103,42
3.794671785498605,4.325353155572044,5097.223810883949,103,43
4.58481198430958,3.517886717073301,5097.9041153670905,103,44
4.2986912339471886,2.7484018373465258,5006.604837566867,103,45
4.032310143128882,3.556554204492543,5055.322248153197,103,46
4.178660753750569,2.4895098235987243,5075.800360194291,103,47
3.1534375385306714,3.498560282251077,5030.437423337199,103,48
4.614132641448749,3.9905897763689957,4998.513883692461,103,49
4.386437948627244,2.7912543899249513,5020.819832459125,103,50
4.1892753270298195,2.6714774383861593,4880.7430525013815,103,51
3.8119275270785082,3.5860767024265803,5040.585452010667,103,52
3.4895137158505944,3.1193170998110373,5040.37910323529,103,53
4.171265599800639,3.2299187696225706,5040.518299111618,103,54
3.842291930869144,2.9423439584095865,4832.181533260658,103,55
3.7459657117931204,3.695692652264388,4887.212662312667,103,56
3.2641783648013236,3.8688323641522695,4943.904615549938,103,57
4.050636484059133,2.7564530470746815,5020.205653034991,103,58
4.3825622006126626,3.2568248982740386,4990.490704325635,103,59
4.08622511776571,1.8948517462983847,74009.54409924925,103,60
4.926306964232236,3.367307053880197,5228.274912365825,103,61
4.536088450830277,3.1065155326786837,4856.460086079262,103,62
3.4903963774208284,4.701301247002148,4911.248565224044,103,63
3.5165488966274965,3.2726420526882474,4964.125098392868,103,64
4.032558845624173,3.633159447154171,72809.5285698156,103,65
3.9027068004609253,3.695436839225516,4990.60257593611,103,66
3.437006399791836,3.918366960733158,4952.703387940978,103,67
4.557877918913104,2.863566261871115,4994.725899708579,103,68
4.241693342282853,3.7175007490326015,4961.6741448299845,103,69
4.900640908735035,4.2546580941588665,4927.818377562204,103,70
3.7077263013046067,3.1315403555620414,4947.548773536677,103,71
3.4716615728186295,3.38686476343245,4968.732166177139,103,72
3.988083848476436,3.825354154385136,4748.731166061756,103,73
3.8978861872317068,3.5201151740459236,4952.30970016672,103,74
4.174187720626026,3.8069907305605146,4919.274743768525,103,75
4.435362346241537,3.0575847222017836,4774.974987687866,103,76
3.804490695306865,3.325293871357218,4874.959101407903,103,77
2.852408898546252,2.9597591075942478,4916.066235500355,103,78
4.25008453006988,3.909230358612435,4904.0604245257555,103,79
4.202032560124376,3.3668567835121657,4921.627004409629,103,80
4.150852600747186,3.241588027282043,4796.137526531544,103,81
3.244175274514916,3.237410147394099,4788.568634008001,103,82
3.898597903325512,4.366511667143301,4731.171210586909,103,83
3.238065623483216,3.9618269396026493,4697.4294752066135,103,84
3.840358976032906,3.934048353938581,4818.164642620858,103,85
3.798737006060143,3.999887386592201,4903.710664522578,103,86
2.6544830136382,3.3306639381177514,4832.503409804907,103,87
3.2236124784506526,3.276255984746562,4725.042309884212,103,88
3.8160496690593644,3.1143519679690224,4838.052932233512,103,89
3.7965131367191436,2.3671934145204068,4801.924725557703,103,90
3.1179470068355704,3.327458211796781,4767.3344654554185,103,91
4.358659702547745,3.3719190974214794,4832.237610685073,103,92
4.125491621406774,2.7878186513401513,4880.7760567435635,103,93
4.108278590524144,3.131479416945378,4844.050169389207,103,94
3.8437540467629328,2.8273800220354786,4795.30579932021,103,95
3.9130254969684968,3.539137624572753,4861.629135036771,103,96
3.3235335763645995,2.4741963084070187,4739.053409311085,103,97
3.779824835188055,3.0662702491381295,4850.386985596957,103,98
4.555181994138259,3.3771168176658866,4796.769006519771,103,99
4.09297405704397,3.919642386577707,4815.753228700849,103,100
3.8184117762385443,3.0020373827190725,5452.8315600486585,104,1
3.981774137190521,3.0680088382281867,5424.908647790623,104,2
3.5057484464790867,3.0042762426124816,5460.126037935849,104,3
4.2309834849905155,3.0892326951995024,5459.495805292671,104,4
3.918917748749391,3.494795673970498,5431.670534049751,104,6
4.143092005037902,2.888565422193143,5081.821550307802,104,7
4.270179928713505,3.8448991504366656,4988.398052810706,104,8
3.8890870689128705,3.4991596972486345,5016.808269152098,104,9
4.013064923210259,3.755392689363744,5122.653240716601,104,10
4.900271128097832,3.005995694930915,269.46952579710586,104,11
4.232919523453404,3.5985726217759098,1870.542762749893,104,12
3.9587688634894547,2.967929467929107,5236.6561353876505,104,13
3.8288818265768683,3.727724738471815,5244.446023966928,104,14
3.858571208348518,3.3156151267295693,5195.326432784854,104,15
4.224214860724377,4.021226918714161,5090.362393310789,104,16
3.3233976518923627,3.7797602788873745,5233.786103879565,104,17
4.3089824125687,4.016126986063466,5006.410465939127,104,18
4.143931495407083,2.813478487225564,5167.410872349372,104,19
4.331276369187091,3.880491648160967,5167.056289169995,104,20
3.8865039745709353,3.33789286590035,5153.191643786865,104,21
4.179286914921237,3.5986698254406067,4978.632687221055,104,22
4.315744571568002,3.0133598673060096,5062.224175467403,104,23
3.268903411543069,2.7734954208567673,5122.727803011111,104,24
5.515519429918542,3.1253639233348256,5125.005310628882,104,25
3.910682003934234,2.5123051164762984,5118.919945182215,104,26
4.466553831605405,3.1521707043345746,5118.159251353718,104,27
3.6535906389196997,3.6950507570090734,5028.2425242500185,104,28
3.8681164441068683,3.2468152147534832,5019.782532462925,104,29
4.254066118981248,3.4346323456244763,5090.805927158975,104,30
3.325691886176999,3.6551636237281606,5138.969303855944,104,31
3.8575120937037184,3.340686236280783,5097.707996238338,104,32
5.115559609649077,3.7222957829205034,5118.17213546058,104,33
4.702522497371477,3.959484461570227,4915.810530661828,104,34
4.062943541681279,3.2811893087239703,4970.220697993156,104,35
4.958284741499978,3.0084250715768914,5097.64995536684,104,36
3.829957382868436,3.449688577247369,5132.655076655069,104,37
3.6637141570061416,2.8059533558256473,4964.410836449367,104,38
3.595056994523417,2.4140917977670453,5069.30760727172,104,39
3.585429010780994,3.3619715626067275,5083.598690026412,104,40
3.8883805524200112,3.583231973373435,4971.326853835689,104,41
4.6729075074427255,3.9358043677826355,4894.280318976968,104,42
4.579443332222809,3.7313552021601235,5097.777349943456,104,43
3.618538107473458,3.3581837622986583,5013.347458881355,104,44
2.461291751945831,3.359911438281287,5083.298794578794,104,45
3.6900062195508925,3.102763379525142,5075.989764689116,104,46
3.03372228406312,4.290897834341188,5006.694514227119,104,47
3.7852629462645915,3.927780353920859,5062.619506953028,104,48
4.5302534614001875,2.951006363772951,5062.04720545302,104,49
3.68522716428869,2.7100199979209743,5000.642970110978,104,50
3.9202714390382547,2.5393754153942876,4985.054562200879,104,51
4.395343582196613,2.7673031489966475,4908.604752561899,104,52
3.6901641297225116,2.761271108125957,4992.54044675422,104,53
4.151603488659216,3.067968981429397,5041.600993217042,104,54
3.5631533598676337,4.021138980507968,5027.508567620446,104,55
4.038057240693532,3.995006564126849,5027.5411379465595,104,56
4.759034312264556,2.5688441655002854,5027.710000207251,104,57
3.654515749040861,2.9180540347562802,4880.241136002241,104,58
2.8095579469187273,3.1003878538999716,4970.763231054688,104,59
3.8183553759822413,3.2043817855373598,4963.784218267349,104,60
4.363725220929538,3.759743445414473,5243.444577429375,104,61
4.212769488919983,3.3569456116653256,4988.109779595201,104,62
3.23164079829254,2.9415721398938515,5033.813642184902,104,63
3.5591093854143274,2.9818224016286456,4964.101190021016,104,64
4.557164572268137,4.085829431641519,4850.680674887753,104,65
3.4868922905654056,3.669028485375024,4969.923357528811,104,66
3.45943545145607,3.793339771074437,4947.640278838678,104,67
3.6565867222402315,3.03498670562886,4994.275778510784,104,68
4.442497752981702,3.888868349457607,4947.657397914144,104,69
4.26732352567811,2.9452783938020577,4982.369470652613,104,70
3.8684719843175537,2.92821287039115,4957.633691331628,104,71
4.013477287473624,2.959420093485205,4961.813884715961,104,72
4.110349106263828,3.4343539422903357,4796.969281093187,104,73
3.736336825020976,3.24343635175056,4898.361701189604,104,74
3.213073902086367,3.761086531095617,4910.5310435323945,104,75
4.539186138460443,3.2577087411285053,4775.344583668101,104,76
4.430548355990633,3.799889794829053,4934.96300506552,104,77
4.147811596077217,3.949752883865515,4718.016202865995,104,78
4.170007135171467,3.0688844877042274,4880.345394766991,104,79
3.9893751594698608,3.273105874344007,4803.981489730133,104,80
5.1033746708897105,3.57811533907078,4796.681328351395,104,81
3.9304062752002715,3.5161332358476254,4832.0939787173575,104,82
4.122571988844313,4.099966697886141,4826.223212328636,104,83
3.07599325853268,3.319779487191205,4848.148972408725,104,84
3.7330691768468927,3.216983871632361,4838.3763668701185,104,85
4.060620869559527,3.5570587011029735,4651.28421464258,104,86
3.250473032877758,3.2782732991288897,4892.010746815276,104,87
4.285203046300575,3.422317247579353,4886.769168293002,104,88
4.30055980904083,2.895005584382498,4816.762272124921,104,89
4.184156924420017,3.9969949878462137,4673.910977947433,104,90
4.064369949997171,3.9355066423890275,4890.050825367995,104,91
4.450757515220555,4.603668373495333,4695.309209113273,104,92
3.124587651257137,3.5534750129797246,4851.07054538696,104,93
4.200809219469662,3.100318762388011,4874.3488284545765,104,94
4.368752803707635,2.7654652671507427,4760.034930186126,104,95
3.747276396623609,3.5667092343364084,4673.86506928841,104,96
4.153588677521024,2.7674725215267717,4784.9850041897,104,97
4.099932465479365,3.6048902045098368,4745.872307486224,104,98
3.8136039450646413,2.960561300029443,4754.465705289515,104,99
4.34392322275844,3.178746425822509,4791.082689044234,104,100
3.237316225814975,2.4972548340203664,5439.96340413733,105,1
3.633786571985005,3.043390621517851,5481.201688175844,105,2
3.7091074713226195,4.152704842558386,5509.609149600461,105,3
3.3281828345378646,3.7565861530673588,5480.521843290469,105,4
4.231192923514016,3.7713442557328545,5432.626946484766,105,6
3.8277361493460704,3.525892871492879,5123.2454063179075,105,7
3.729908714324768,3.852956443263436,5115.400758133909,105,8
3.9679101054209687,3.4365232488080846,4962.252200693099,105,9
4.295372175432024,3.5075873326064135,5122.709323472417,105,10
4.371795078531988,3.3213298981568817,220326.31083119914,105,11
3.4635741549914147,4.062516484984655,1947.6379552745484,105,12
4.244392318648598,4.582867413039847,5254.839334820835,105,13
3.700912899995282,3.1442549291141892,5237.831360092495,105,14
3.588315258528005,3.4582411301925235,5236.97999930058,105,15
3.0175942569419623,4.150570869164649,5230.325804610309,105,16
3.999915986958561,3.492233490321569,5013.786517381469,105,17
4.563852982056247,2.5561459193662293,5181.551147069587,105,18
3.2284946066231415,3.0394307164228853,5188.2319088037,105,19
3.9050929158488934,3.0459624661026936,5062.516723383472,105,20
3.604087339212782,3.315262040633852,5195.033793266677,105,21
3.742706130008168,2.5816822926430008,4978.342926492375,105,22
3.9997675742082115,3.2160339051999007,5131.953704718162,105,23
3.840318964483057,3.268856862953563,5187.960031921487,105,24
4.544267762576092,3.067275067253379,5167.021371946426,105,25
3.927867892876953,2.964676703271545,5153.920354546334,105,26
4.726523199863729,3.31057190540005,4950.749073715449,105,27
3.914502913457729,3.8227818917271637,4999.220699079246,105,28
3.756584839606311,3.1593969615675386,5104.882608672091,105,29
3.754358739372837,3.435042903258444,4935.937640385737,105,30
3.8833645489067155,3.9121602673746474,5110.873539127995,105,31
3.5219994559257435,2.531867821878641,5111.286040669561,105,32
3.760519503427008,3.3745199136256554,4971.904280346649,105,33
3.9292578398727196,3.7131842354451727,5132.888591262467,105,34
3.870350889127336,3.4645286099700723,5071.774574544421,105,35
4.948821268175783,3.396015641292085,5119.150334065056,105,36
4.0680058408556965,2.8951389805266414,4972.068744185968,105,37
3.203362240413605,3.67872921896237,5068.865260643596,105,38
3.7912797968784635,3.30435519965992,5069.807072644728,105,39
3.8773188573847,3.012480006660583,5062.677894756402,105,40
3.7816108037227467,2.887700606467503,5111.821394901867,105,41
4.123179542678523,3.6857954008617066,5083.754421213282,105,42
3.9109521197050547,3.3642159599346027,5034.60682332692,105,43
3.5404010137088466,3.353482572424736,5013.320519005522,105,44
4.003415589402707,3.072090921628284,5083.813268407212,105,45
3.8430903193785526,2.5481584423736865,5076.671736521785,105,46
3.625262658791352,3.549174994388456,5041.48603643286,105,47
4.41895669542935,3.566598450782707,4985.836407837606,105,48
4.705439975078371,2.594663930815755,5062.238944067309,105,49
3.931997538377895,2.371457465950515,5055.269653367799,105,50
4.6707231522401385,4.136812851503323,5047.839904156669,105,51
3.705704088267869,2.8009879510899616,4970.39302072876,105,52
4.814772621214743,2.714175945832282,5047.866582412598,105,53
3.2302096330084007,3.482270549386123,4859.783349775499,105,54
2.9225385969082796,3.897440498418943,5021.1550311288465,105,55
4.302557446255655,2.709790132784673,4992.640093346397,105,56
4.135208451060459,3.1683789602813333,4887.621455271497,105,57
4.745817280611504,2.43480420063462,5020.313269129155,105,58
3.9681587053860454,3.8050533203909835,4948.651931028835,105,59
3.865506173645889,3.355867740630631,70920.21961406595,105,60
4.800808684458884,3.8113914282411723,5229.294973428773,105,61
4.330268103438779,3.7438396042344397,5011.527406501258,105,62
3.8804879327277395,2.89637685281519,4910.855309450025,105,63
3.3271830288751287,3.3805341701269764,4988.08473658517,105,64
3.8910138133226795,2.8188073613840716,4983.042141665701,105,65
3.9630609475945064,3.595915238575307,5005.522875199141,105,66
4.762040626849979,3.3423470186922017,4968.896383272479,105,67
4.410149871970388,3.5640381587293497,4988.225268670685,105,68
3.2958239826346363,3.238560257641062,4982.414766127976,105,69
2.9263090404159846,3.4190948521583553,4927.740019020442,105,70
3.460798893367495,3.53068207612846,4915.479261815607,105,71
4.338182416944071,4.082507291235418,4964.556667951574,105,72
3.89795960604111,3.6796064550166068,4932.645349337232,105,73
5.030268137353862,3.168632702344799,4898.853978747407,105,74
4.565443441921181,3.632256630611859,4781.741202409674,105,75
3.9016419158142726,3.0035039110571056,4730.889245447445,105,76
3.5841696166909838,3.043518308079527,4869.0749836583445,105,77
4.374789023996353,2.673951973035032,4934.84965363664,105,78
3.7711649007648718,3.582685358366263,4811.2292181660805,105,79
3.8971692121400423,2.9178248776192675,4910.362829361264,105,80
3.5267157559437368,3.363997553545932,4904.62208938877,105,81
4.0894046001123545,2.8917721602763904,4789.619316796946,105,82
4.431363990236625,3.6356619331889326,4896.568885272303,105,83
3.6832950442773282,3.1991033994090596,4680.752302923138,105,84
4.719613516442451,3.25425629030046,4688.674316830606,105,85
3.052177972030142,3.844447852022699,4860.804213430189,105,86
3.6220803072272805,3.021001267238051,4695.395567648422,105,87
3.909748784893573,2.708305521409662,4885.610564290886,105,88
3.884687737019806,4.098030931595599,4679.7027739910345,105,89
3.7723907180309553,4.392775427661193,4674.390839018016,105,90
3.926298918144553,2.898777993319692,4868.525859480129,105,91
4.362513420959077,2.715029467855731,4831.5783011201775,105,92
4.196516915420567,3.352824365443613,4875.285758525482,105,93
4.109386471798169,3.452085516742139,4862.6231909414,105,94
4.093357279638068,2.9295046519753964,4637.4554182927795,105,95
3.728709040388174,2.7253688738670894,4861.581535055818,105,96
5.12659528713743,3.977398451228194,4738.96459840208,105,97
3.889157432234489,3.94721352247572,4759.940204127057,105,98
4.423177013459756,2.82852335207084,4820.545191433945,105,99
3.8028697836176804,2.9696472563858674,4652.459794693819,105,100
3.9063314671735414,3.5655740775944755,5355.0618875765085,106,1
4.047001667239697,2.81807524039336,5432.660672534461,106,2
3.8833502582554438,3.601295520225091,5396.926260664108,106,3
4.546300071887611,3.0785250425056017,5481.194934132126,106,4
3.917193540587234,3.2528552942076048,5431.358663945806,106,6
3.4860654131836193,3.678061552953582,5081.9273088400505,106,7
4.0660147370739335,3.7549497250856296,5081.313921654605,106,8
5.333427293687607,3.2428028923282115,5017.932777288527,106,9
4.323010539844931,3.772655515126599,5009.623050606097,106,10
3.893041395101859,3.865422892169299,221636.1571690079,106,11
3.9105290156106873,4.244402246484272,1939.6303927034867,106,12
3.7889686713625497,3.5856765786550557,5139.286256940073,106,13
3.129143661249659,3.8401814360795345,5047.075760301968,106,14
4.404822960940495,3.3577461858721533,5216.689761421349,106,15
4.4513117179665045,2.7035345659994774,5237.882053243761,106,16
3.853598971776804,3.1641174206988802,1950.1385877189853,106,17
3.4629242209444366,3.315239432344747,5173.99418436929,106,18
3.766709657941726,4.1969302825207,5208.85990429645,106,19
3.975919306170931,3.312887791019581,5167.380073536916,106,20
3.716604136581332,3.555726712835976,5174.136839438446,106,21
4.0436333543686285,3.851433726070092,5202.549304647855,106,22
3.6803653847659525,3.17875874486055,5153.204289373847,106,23
4.233471562893933,2.8539981623229043,5174.5708418554495,106,24
4.250145713675374,4.415596393363968,5159.829993389528,106,25
3.711768289819443,3.482294700875198,5153.863388968611,106,26
4.657988986489958,2.740404803761703,5159.746580045515,106,27
4.568312101562653,3.4921247102539215,5027.294156329649,106,28
3.8267045097959844,3.415246379462701,5131.5667868632,106,29
3.951614755021559,3.1727374018260117,5153.28355408822,106,30
4.76341580929706,2.8219836889103957,5081.974515189482,106,31
4.361817493323867,2.7913613745248527,5110.5458908985465,106,32
3.8090700037089706,3.9908135686341915,5076.614899856325,106,33
4.229266898423041,3.50204070307173,5104.913418556574,106,34
3.5965927895096743,4.326590939954857,5103.961851104949,106,35
4.511527267083574,3.864524243775043,5118.536513346797,106,36
4.13138749752097,3.8331305492365755,5090.285599954147,106,37
3.8589669248460177,3.1863677058165556,4964.269303083841,106,38
3.6095776570525113,3.472034778230038,5124.9018921369825,106,39
3.564295993913653,3.301264878749041,5026.615679028635,106,40
4.8060347968815575,3.1844978304400846,4936.57982964208,106,41
3.6781832557636758,4.237116440956704,5048.674050311265,106,42
3.5978333569890073,4.724213433670596,5035.047178461468,106,43
4.190845887680308,3.123596074477112,5090.383903385637,106,44
3.6893176965103183,3.4238051218508048,5090.414893098389,106,45
4.317225030844105,3.498168346863941,5076.058137996799,106,46
4.554048156864754,2.907504329274981,4991.890891957764,106,47
3.8291453223997016,2.882357752730944,5034.564487539284,106,48
3.9099722558780923,3.4875773169204214,4999.135424443984,106,49
3.84236415472683,4.053955924270275,4880.439002288257,106,50
3.9407594406028537,4.0827782648893605,5020.383429706208,106,51
3.651923464439681,3.408163503665132,5007.020638639239,106,52
4.613616728060303,3.757454033976364,4977.7146131463,106,53
4.219802277258583,3.548366462295565,4957.35424220023,106,54
3.5744095216677056,3.970675743025472,4971.313654552981,106,55
3.3845499352493045,3.415352347122242,5002.890207328452,106,56
3.77745669250633,2.871685617688521,4985.5816319157775,106,57
4.5527040806477705,3.559176319540594,4956.581115111231,106,58
4.041988485696427,3.617315459770789,4809.912609361511,106,59
4.229316748047445,2.9897224592209044,70799.9687210494,106,60
3.7564391329287696,3.255495650133565,5217.970517781567,106,61
3.042446344958436,3.251629092583398,4975.899400007711,106,62
2.684840213275659,3.958126981490638,5026.6218292279955,106,63
4.479972659976781,2.53299797538417,5031.225767129125,106,64
4.279934303417599,3.0379874687358557,4849.827831703592,106,65
3.602352719913335,3.5233462157947364,4990.749586060599,106,66
4.113626785649405,3.6794280697517707,4795.917780777548,106,67
4.684972129191045,3.4088616237952998,4825.286515156762,106,68
4.206261123170068,3.2301383290810923,4984.347125512804,106,69
3.975059002355135,4.070370419195199,4767.936275836804,106,70
4.231385339435681,3.264442186157409,4917.061284919534,106,71
4.708013865831987,3.2477963522765667,4970.524589032245,106,72
4.258006603384887,2.484638319048294,4904.099979012884,106,73
3.4982613556103113,4.110954713542682,4789.528361683255,106,74
4.705202422820235,3.9277915133886347,4951.641967928225,106,75
3.3161148880219704,4.117021371102542,4940.085073104072,106,76
3.2043758538440428,3.174272193267141,4921.611981480084,106,77
4.60315566146584,3.561455131140416,4760.987087115238,106,78
2.8298016824575147,4.534018136693512,4709.31083222739,106,79
3.5659915930675985,2.9977756575868595,4850.780004471094,106,80
3.395969741218501,4.0432830694125785,4903.809372489688,106,81
4.5899133901725,2.803376549183595,4867.775191625903,106,82
4.457801370118107,3.0091183288200574,4889.636983165726,106,83
3.8477916314544442,3.1311661490857436,4871.351625018303,106,84
4.387981241366893,2.6474910231101214,4817.5836563358835,106,85
3.6906246654597052,3.4262311758763366,4847.13634533342,106,86
4.569454424689751,2.594120890532933,4838.0547621542755,106,87
3.757111594008486,3.6038401088313945,4855.952856062184,106,88
4.100723007646077,4.904270560642971,4905.0744981053695,106,89
3.1915873349581023,3.6542535876196633,4832.556861676807,106,90
3.7638651331202055,3.784005307481778,4832.396011370248,106,91
3.992178752951555,3.026557908915895,4695.4720044254955,106,92
3.719442789872742,4.006412464445335,4874.088929292132,106,93
4.266989402805787,2.9645734262205248,4844.395171632014,106,94
3.9383175861339983,3.928723726081744,4867.867223009532,106,95
3.9273104830575782,3.3163562383564402,4808.020981286462,106,96
3.663351506196114,2.662450796383283,4766.936519576843,106,97
4.099937875463705,3.62675204951858,4839.344483424401,106,98
4.308773301124962,4.177348424604087,4811.154438799689,106,99
2.777296659603504,3.488845757583418,4781.544311022556,106,100
4.132202412777592,2.830817913376529,5439.55754821808,107,1
4.9900223039972005,4.119297786429255,5505.315370337514,107,2
4.408545706756278,3.552023540125095,5460.852486683643,107,3
4.134505185483622,2.8108836444857586,5459.621064589926,107,4
3.909391066725851,3.4154674232696927,5459.4535468201775,107,6
4.212478025418169,2.467961279376932,5075.060910240481,107,7
3.6249101925859923,4.153233615863442,5116.094510152579,107,8
4.109405604754968,4.20063789036399,5065.748380106812,107,9
3.573885431340808,3.1107082693262478,5091.725030849601,107,10
4.752538527777882,3.2051715446185125,269.930472691002,107,11
4.3707130200556366,3.7751404121961123,1954.309941884101,107,12
4.498781973507801,3.3509761322198726,5230.464397531198,107,13
3.3583519751808177,3.6388921628329367,5209.348703350874,107,14
3.943211201228238,4.001660973038806,5258.458790089392,107,15
3.9030797808297244,3.791558358091069,5230.145206967821,107,16
3.459940293452306,3.6955573469418845,5223.484400967995,107,17
2.7905069743373705,3.090177073460144,5175.368754650009,107,18
4.286012385273115,4.242141983140222,4999.01812790258,107,19
4.338271391737623,2.880068825150463,5209.43195772868,107,20
3.4094429472450387,4.170827179897338,5216.322803375991,107,21
3.5207143799887777,3.3296128978847426,5180.734531963817,107,22
4.434924976644015,3.45881955142287,5153.956226644556,107,23
3.6931095522278827,3.3143960742851353,4965.18912966504,107,24
3.6329444632158743,3.5128202604259475,4957.55879698156,107,25
3.7333862037844856,3.4110677329145904,5169.58135599951,107,26
3.2123670797485575,3.573795298815933,4950.496522958624,107,27
4.108936932049468,3.7103080620668276,5160.48441229594,107,28
3.814140763353153,2.9734580702511013,5083.502835862771,107,29
3.740939790481601,2.9341789226765,5012.502271798885,107,30
2.76461996073236,2.979682614969538,5153.373430743069,107,31
3.9715644825116074,3.750001793138342,5069.247398774963,107,32
3.4881521075520006,2.8617805990252183,5139.515381735793,107,33
4.0059542003570545,2.6550170988370194,4964.241686650992,107,34
4.496192924860563,3.8153955181972203,4928.612606410901,107,35
4.188178469299003,4.148454575583342,5048.490648830889,107,36
4.090099462268466,4.200178315518539,5139.546030534744,107,37
5.230459355438761,2.5480860018199007,4991.492247019456,107,38
5.447395118792707,3.124933688164488,5062.896344128427,107,39
4.04814833923474,3.8951021723612493,5061.947555480398,107,40
3.622580281826568,2.8939228816002682,5034.100623459086,107,41
4.490440420614614,3.742306042655863,5104.478789719371,107,42
4.387618228407402,3.546233558383353,4957.7885526981045,107,43
3.5579223349711135,4.079209596431628,5062.420015056355,107,44
4.644247532511721,3.083636484018318,4916.512566482576,107,45
4.267727175598538,3.28664349656397,4908.846011368912,107,46
4.832997722027065,2.8267476868816566,5070.277955059358,107,47
4.96370313240234,3.182964234940363,4888.103752502009,107,48
4.248386654159843,2.9226720674230684,4915.594119618137,107,49
3.5933179016690686,3.3491191065870467,5062.191977782093,107,50
4.176844055653451,4.011817505230502,4845.21691795016,107,51
3.5519196956845778,3.3606938216370867,4871.966139730736,107,52
4.202102960574805,3.137939706111109,4964.677711665995,107,53
4.305603759784078,3.186764806616859,5005.815476288409,107,54
4.519489966591489,3.2927038783072633,5006.151239250395,107,55
3.92637724414292,3.4081132671628187,4964.147644470813,107,56
4.5667596059121465,3.033493436852479,5020.624998588821,107,57
4.575861986690207,3.631198627804884,5027.8269411628535,107,58
4.0274322220180645,2.821889791706032,4802.74237044308,107,59
3.8321528155482945,2.4473242423918298,71100.21495351658,107,60
2.8246225110800163,3.087101872892485,5142.249430564301,107,61
4.074991331530767,3.821470363500412,5033.346255678011,107,62
4.30608544084964,3.424688643697133,4861.483356773556,107,63
4.713623365400687,3.7638638866389935,4825.4247235141465,107,64
4.84433451135706,3.630358018499657,4969.245631380624,107,65
4.017777899245004,2.6486588243308518,5214.264136476059,107,66
3.4717548180514393,4.216545641927378,5006.8871579903125,107,67
4.158793985932167,3.592065007526058,4958.308650478822,107,68
3.866702433185204,3.7173930234691603,4928.417170277847,107,69
4.261458124550675,2.2619940407991317,4922.5451841554805,107,70
3.7391060190856944,3.6331002906050394,4849.758819579845,107,71
4.002995438678715,3.6761010996456545,4846.202370996033,107,72
4.3577276578171436,4.129772164049427,4839.33388745308,107,73
3.8029369143709473,3.0127696504882833,4948.168838102563,107,74
4.6797471874930405,2.8658530080744526,4947.698078620936,107,75
3.1489024059603166,4.247821779047993,4886.720636019187,107,76
3.769677962828125,2.8972111918165533,4818.536910587094,107,77
4.678123263715728,3.723506675982389,4863.331262251694,107,78
4.957640406746852,3.26629274708451,4709.625471444126,107,79
4.146862018601447,3.335853956656109,4929.245629886336,107,80
3.9299176259245248,3.345827825654406,4904.335555043132,107,81
4.303080268409545,2.5919703098252582,4843.830460368484,107,82
4.05322602949814,3.373561317645982,4890.3565621451235,107,83
3.0838366840058518,3.8581496951707877,4801.251029213215,107,84
3.7506413261769964,2.572907447613223,4839.810394332173,107,85
3.971063807647636,3.9154017976313,4911.687093958544,107,86
3.4870100189954325,3.2004222304832584,4838.0941597756755,107,87
3.8435142453226594,3.6862008514987914,4885.510885204967,107,88
3.8453542347130605,2.762470589717135,4850.209564390367,107,89
4.502211225496755,3.94481261830685,4843.989192985622,107,90
4.692824618878338,3.0670298353129244,4862.995236828272,107,91
3.812727465858721,3.2967141628356846,4659.657018442349,107,92
4.41127893452654,3.0662868987852234,4850.10390470319,107,93
4.316968022699167,3.3451857280769306,4846.940767738648,107,94
4.101066427726083,3.4218613179583843,4838.303396238349,107,95
4.04670574254048,3.940647595734461,4742.26461215684,107,96
4.1302036981345465,3.017133187211356,4843.846500826355,107,97
3.707903694639754,3.2051604192337955,4760.272196791732,107,98
3.8830095265270477,3.341202509966949,4820.205784277841,107,99
4.438603217237432,3.7101909041351684,4723.9525875065165,107,100
3.9642495938861915,3.6755073503486257,5341.669654553152,108,1
4.2355479985252185,3.124053735620632,5473.3895930838935,108,2
4.459540003975246,3.0159907218682025,5454.203673792981,108,3
4.492602608712237,3.4642580011092585,5417.60576170392,108,4
4.393086666704069,3.6995955913906986,5467.46916067543,108,6
2.92676461250973,2.393570332857564,5115.7783802773,108,7
4.17187326890501,3.0078304647621863,5148.7375770044755,108,8
4.678695767071101,3.3041499830913477,5072.011963943803,108,9
3.492870978915796,3.625382238651643,5014.984748383979,108,10
4.472901351074202,3.5839027561108154,219152.48478916174,108,11
4.433502053586863,4.025944381057701,215227.87130045056,108,12
4.790007802886126,2.6285380394008095,5139.867610224559,108,13
4.960487619638831,4.06902195231909,5209.7761964506335,108,14
3.3298501065452,3.2763162490342865,5243.972893170685,108,15
4.653038718018493,3.5373001792548457,5237.316199853152,108,16
4.161912469349364,4.470334812961802,5224.195057547638,108,17
4.619946090863001,2.6807446728126023,5216.3244654551145,108,18
3.2906024830174356,2.9738165571760287,5096.7613038545305,108,19
4.112615188144036,3.312880116205469,5180.820714680087,108,20
4.894367245654871,2.968533703728861,5202.943808530765,108,21
4.341451630335767,3.8443899954499545,5139.066973355661,108,22
3.925264197734268,3.5360629610485055,5132.0790904618325,108,23
3.0188311403218404,3.549756873585716,5187.860777609503,108,24
4.1878740379930735,4.136626895874295,5118.279112219613,108,25
4.045832249393297,2.9689411287711183,5013.350302759439,108,26
3.4400801819817595,3.6150413533002714,5111.771933168102,108,27
3.8646882361106343,3.6065251252868626,4999.10783218817,108,28
4.094445676648878,2.973707975744373,5153.627512755563,108,29
3.5638012640290797,3.4233880882928562,4936.790896216143,108,30
4.58549375474105,2.7200267091504613,5006.1369280341705,108,31
3.788703883455015,3.8120931720949933,4922.1576457005895,108,32
4.778758146484921,3.6330998641973267,4921.612245536779,108,33
4.302808513451398,3.0041518925355613,5075.9277735939695,108,34
4.330586248245432,3.2064260620613476,5083.14180434831,108,35
4.143486896249494,4.6063356104660915,5090.3430434609045,108,36
4.030411284439818,3.4076137423641057,5006.786890181826,108,37
4.288871200580898,3.2792018556702103,4922.686547658777,108,38
4.270960956534204,3.0799973346048484,5070.024735567831,108,39
3.567670762875593,3.4341717332508908,4978.070028534933,108,40
4.5336705128904615,2.826410637330799,4908.374119599436,108,41
4.22730079333358,3.7263251073429453,5082.788904532193,108,42
3.504234348112612,2.9663196097610824,4957.911013807127,108,43
4.264825006904145,4.4877485626321025,4950.640899723473,108,44
3.4700359827016563,3.278698649292248,5090.477802702202,108,45
4.707621259591934,4.051542898360363,5019.622938919838,108,46
4.48447097761876,3.294139327662524,4992.338310737076,108,47
4.487068402746807,3.4116588930955896,5000.345991892839,108,48
3.6230148874955286,3.6826249348320297,5055.505373568699,108,49
4.071584165161501,2.6799155117000666,4999.980656536724,108,50
3.670563654447335,4.687967277990735,5048.066559927746,108,51
3.727646504561512,3.4288783449594966,4971.271032731123,108,52
3.3779407495142135,2.9259079861469637,4900.872150764307,108,53
3.710588657264941,3.724734214820016,4974.261613261319,108,54
3.9413233101200276,3.6179868413578014,4830.705650409493,108,55
4.6754213468260755,2.772387923847189,5022.680750371854,108,56
4.100487595947481,3.085996759882654,4957.321243630176,108,57
3.467801613133277,3.5118532266336326,5025.981979930447,108,58
3.4912433088666854,3.361882728318458,4802.507642320206,108,59
4.5710769485048806,2.927192177076553,73350.72287287955,108,60
4.278226673091658,3.7938813536970923,5223.835537852767,108,61
3.4661027226393033,3.3598824342257987,4957.331990125695,108,62
4.588202156952923,2.499456928960501,4831.309078975577,108,63
4.272397578814731,3.6191076426440247,4853.74115403032,108,64
4.547033749329506,3.2818558263519013,5018.214841856317,108,65
3.917914112567149,3.6264681256468867,5007.746840041565,108,66
4.8035668571898285,3.0391080408947744,4994.832229151967,108,67
3.3872994247502604,3.9539147914437893,4993.871826404206,108,68
3.5978486398885656,3.4203247369911742,4868.51998823653,108,69
3.6938198170078853,3.5927995110436455,4940.4458076676,108,70
3.623082374068874,4.031380588746937,4958.826287786194,108,71
4.364045294033017,3.8181958237421902,4962.048311197514,108,72
3.9310341161304017,3.5941016320695427,4947.933180335301,108,73
4.426915933013531,3.275828708226938,4957.067158370554,108,74
4.07355843583443,3.28231719936763,4933.448013921434,108,75
4.402391468113967,3.159838662544053,4933.39462915577,108,76
4.243282692023797,3.221987692173148,4912.338600122193,108,77
4.131940047007382,4.455985710254051,4910.1748731833995,108,78
4.1220392753077375,3.5205128459178456,4929.102661045414,108,79
3.4007933969221145,2.9457922301416484,4873.561804075716,108,80
4.481158956241901,2.6994542968427555,4905.297139782344,108,81
3.6142621309553027,3.3636908260937703,4911.9296746865,108,82
4.730913932192012,3.173807906472069,4825.980503704505,108,83
4.680105789719752,3.3825329974556926,4697.27842437442,108,84
4.201374713352123,3.395589583971008,4869.393965152488,108,85
4.127638455511306,4.5852168757215646,4804.192604721084,108,86
3.254854762768254,2.7863383000405464,4796.410667186802,108,87
4.851008765415476,4.124190079941086,4910.771947691167,108,88
4.134267639066252,2.5134793387015772,4820.12896346213,108,89
2.8135233233988957,3.4293642850662045,4892.109530746545,108,90
4.055687542988039,3.102354297620367,4832.555697733057,108,91
3.909059262791248,3.823007731509893,4817.611876516136,108,92
3.4005593901232856,3.683880423370136,4752.475238292245,108,93
3.5994653849525857,3.4964078082059906,4846.487427488617,108,94
4.608955096495595,3.9737797547647857,4637.917452576502,108,95
3.616916196835057,2.462127530050621,4674.263008809271,108,96
3.8600621325437157,3.1813747078572865,4748.805861771527,108,97
4.255915809605269,3.5752925738603802,4825.550110083642,108,98
3.740975153872909,3.0514487631474267,4810.857448607029,108,99
4.7241047881059055,3.4083848107216412,4653.014606417904,108,100
3.2036125816613326,3.7222124770297316,5347.147347067448,109,1
4.848892446140168,2.92378477133619,5480.352813755834,109,2
4.282418485200726,2.953671725956642,5409.729602089653,109,3
4.374407880160047,3.1819470601742887,5404.280271969289,109,4
3.065877066380339,3.128056864245484,5487.45994088491,109,6
3.072790694397798,2.696651225393533,5123.349958058392,109,7
3.3841262584366145,3.492608075717125,5157.321340280672,109,8
4.446684809570353,3.7870323774763897,5115.351778148416,109,9
3.7466016999651535,4.430465871183904,5015.830179897136,109,10
5.1920318484898,3.3026048345398094,221137.94357950852,109,11
4.178972083687767,3.5433688961641643,1946.94071856506,109,12
4.173901590010176,3.2565682993949885,5244.956134196335,109,13
4.497803361407673,3.3729741082190636,5209.514407664557,109,14
4.225488707625026,2.9184538514315475,5230.399523732754,109,15
4.461323054393349,2.9765881619187793,5230.557478904567,109,16
4.457016983719442,3.5406427325550918,5233.473453972451,109,17
4.492512430714023,3.325757525420797,5224.0322792820425,109,18
3.653594173240758,2.844398424437962,5216.039547295052,109,19
3.775283004957218,3.589878680494996,5083.400979267035,109,20
4.153575297622267,3.4545906964496633,5146.46684903991,109,21
3.878352392392827,2.426640384545825,5139.375805486333,109,22
4.401887040251903,3.167346779615784,5154.177113191826,109,23
4.883446844821438,3.0847108505192704,5139.073108191725,109,24
4.295602758995507,3.807992252345496,4957.859654351732,109,25
4.921277827918157,3.446814437493224,5174.476148633679,109,26
4.0721697576991955,3.8341115148581855,5006.517542351759,109,27
4.524457498066724,2.7842185617151154,5102.25237079677,109,28
3.1346827881610304,3.6215609189940934,5097.615720069551,109,29
4.862613924448226,3.3866288490501253,5146.49884039047,109,30
3.7388358552738734,2.6706861312169208,5124.4941646389825,109,31
3.283173789977453,3.4219633467839863,5146.523044545456,109,32
4.344085712332157,2.815494196318765,5103.9383902673935,109,33
3.2421079917314417,3.356303718908645,5097.1578347194545,109,34
3.700717718822706,4.028716700633354,5096.913024588188,109,35
3.93750726711091,2.4781188853108445,4886.717083173965,109,36
3.5583137427813507,2.390867302928656,5111.068528595051,109,37
3.5535194766377414,3.6722773467639724,5118.153477721585,109,38
3.705771462311063,3.0496257292961215,5104.481869366497,109,39
3.259557508665493,2.635649153949431,5118.625249762225,109,40
4.0227704330318765,3.2690568745382818,5090.781960877942,109,41
3.7280848828452795,3.105678439521772,5101.479852145289,109,42
2.9502473524206794,3.3147819969610897,5021.151303741441,109,43
3.4525651101027792,3.273579870463463,4886.84676538595,109,44
4.030593032429518,3.1545539300442393,5089.98680506246,109,45
3.0720574682369697,3.883196893034174,5013.336179469349,109,46
4.7015999383598865,3.7922148989608213,5048.413060822014,109,47
4.627739996252094,2.946957186858234,4922.930540123615,109,48
4.438192192495465,2.7676678434345683,4914.088253361692,109,49
3.8023277156683464,2.9670121254043225,5048.004485645922,109,50
4.67891386836896,2.3615782794535685,5006.555584477027,109,51
3.915875796239913,3.233266322865563,5048.91083332242,109,52
4.600716197358514,3.4009627974095817,5009.70204134356,109,53
4.489316833949366,3.0236964101406185,5005.998985457716,109,54
4.47604853514572,3.79943771620391,4972.128151774774,109,55
4.588861357711196,3.9549063532560655,4984.960558037472,109,56
4.920106611167957,3.9042893213553156,4971.5369268801205,109,57
4.215932749465568,3.721343516368237,4880.442404652946,109,58
3.6924124695181626,3.317947342714312,4913.917231771595,109,59
4.178474473131736,3.26223888477378,74940.7605405494,109,60
4.419325113224983,2.8126533428355867,5156.1193566689035,109,61
4.508400604165512,3.6445914577037217,4918.893664934908,109,62
4.192614025725976,3.604392217728967,4984.488277842031,109,63
3.972832147862677,3.6703919941415006,4825.147556628927,109,64
3.997977257314986,3.091040312825248,4958.612134151648,109,65
3.8002137712084743,3.081008073776215,4970.5599559765415,109,66
3.7835897831376797,3.336543666400342,4939.993813079746,109,67
3.353599185944208,3.242588516212358,4958.246260128482,109,68
4.698195584573387,3.688099886679158,4970.635189151532,109,69
3.599004600955272,3.36383589283842,4961.75901519446,109,70
4.267115089631404,3.502307864044625,4970.130135821204,109,71
4.143152737835551,3.0534026437098714,4910.349597527646,109,72
4.68527581376156,3.331131313570636,4903.736063059253,109,73
3.731033460620694,2.573548897433896,4892.878374878491,109,74
4.2418277833836076,3.458144983007874,4824.7358699081615,109,75
3.846321524208819,3.53583028555721,4940.080333112345,109,76
3.9153500767812566,2.946108950229996,4922.17060197452,109,77
4.184637304339074,3.472575894113357,4876.186560650115,109,78
3.2335922017182375,3.163645189172517,4904.16754235421,109,79
4.16597307325302,3.119443421394643,4910.772237298429,109,80
3.609107532819204,3.5470067629096396,4850.221388560709,109,81
3.8926468847506572,3.560696675962145,4868.3257635861855,109,82
3.509553950987975,3.8594421574123716,4903.61470984459,109,83
3.375647342542766,3.5113639577316555,4681.648949555771,109,84
4.554224202423168,3.3329896811784803,4868.103897390317,109,85
4.0730460817094185,3.618052321311265,4915.973563857902,109,86
4.362789460314405,3.1003517271313603,4897.366192987635,109,87
3.868271565134077,4.547629014233501,4817.50776834092,109,88
3.9961480752645246,3.594121167832129,4680.4861281749845,109,89
4.577440859803543,3.8248667543416754,4892.121750873647,109,90
3.6011954433410334,3.754083729133445,4890.11155654233,109,91
3.949330771274529,3.046923691735784,4880.996753642444,109,92
4.368690240537738,3.3938780749712194,4850.621914540406,109,93
3.749772160415307,2.636785158193767,4844.219165445724,109,94
3.70808774622319,2.6189322630966916,4795.658680579211,109,95
3.841852554741523,3.8129684180688552,4850.203831924856,109,96
3.57556442265559,2.9661911084021737,4795.529542500728,109,97
4.155044881108393,3.967202768561214,4796.673009308821,109,98
3.8866632134167993,3.0708733930328633,4610.492381667993,109,99
4.000850369044592,3.1294104636008155,4748.50204946607,109,100
