ID,Cycle_Index,Discharge Time (s),Decrement 3.6-3.4V (s),Max. Voltage Dischar. (V),Min. Voltage Charg. (V),Time at 4.15V (s),Time constant current (s),Charging time (s),RUL
100,1,5872.2456,851.63696,3.8885338,3.5747192,4857.7847,7304.6187,9122.55,593.0214
100,2,5809.4575,739.86523,3.886559,3.582223,4620.0576,6914.439,9494.349,586.43677
100,3,5411.6997,810.91296,3.884846,3.5875623,4355.5615,6598.561,9800.778,576.02545
100,4,5073.6025,947.5026,3.8833802,3.5910423,4167.9224,6338.8633,9954.3955,567.50635
100,5,4837.3237,1084.6464,3.8822887,3.593345,4043.8308,6128.2803,10026.382,561.52606
100,6,4679.5796,1199.2443,3.8815362,3.594904,3960.901,5961.02,10055.035,557.4849
100,7,4575.549,1287.3938,3.8810365,3.595981,3904.1418,5830.887,10059.348,554.7404
100,8,4507.5034,1352.3525,3.8807106,3.5967371,3864.559,5731.463,10050.11,552.83655
100,9,4463.5977,1399.1221,3.8805003,3.5972762,3836.6287,5656.626,10033.938,551.48285
100,10,4435.91,1432.3619,3.880366,3.5976653,3816.7803,5600.9473,10014.924,550.49835
100,11,4419.084,1455.8047,3.8802812,3.597949,3802.6086,5559.8843,9995.523,549.76917
100,12,4409.4688,1472.2511,3.8802288,3.5981576,3792.4512,5529.7905,9977.12,549.22144
100,13,4404.57,1483.7384,3.880197,3.5983124,3785.1448,5507.8286,9960.418,548.80554
100,14,4402.6885,1491.7231,3.8801787,3.5984278,3779.8694,5491.846,9945.695,548.48724
100,15,4402.677,1497.2426,3.8801692,3.5985146,3776.044,5480.2314,9932.98,548.2422
100,16,4403.7617,1501.03,3.8801649,3.59858,3773.2578,5471.796,9922.159,548.0527
100,17,4405.436,1503.605,3.880164,3.5986292,3771.2183,5465.666,9913.053,547.9055
100,18,4407.3677,1505.3347,3.8801646,3.5986667,3769.7175,5461.2104,9905.455,547.7911
100,19,4409.3496,1506.4774,3.8801665,3.5986953,3768.6074,5457.967,9899.156,547.7018
100,20,4411.2583,1507.2161,3.880169,3.5987172,3767.781,5455.6016,9893.964,547.632
100,21,4413.021,1507.679,3.8801715,3.5987341,3767.1628,5453.8726,9889.701,547.5774
100,22,4414.6055,1507.9557,3.880174,3.598747,3766.6973,5452.6084,9886.215,547.5346
100,23,4416.003,1508.1082,3.880176,3.598757,3766.3452,5451.68,9883.371,547.501
100,24,4417.2144,1508.1804,3.880178,3.5987647,3766.0774,5450.9976,9881.057,547.4746
100,25,4418.2534,1508.2014,3.8801796,3.5987706,3765.8723,5450.494,9879.18,547.45386
100,26,4419.134,1508.1917,3.8801813,3.5987754,3765.715,5450.1226,9877.659,547.43756
100,27,4419.8765,1508.1646,3.8801825,3.598779,3765.5938,5449.846,9876.428,547.4247
100,28,4420.498,1508.1285,3.8801837,3.5987818,3765.4995,5449.6416,9875.434,547.41455
100,29,4421.0137,1508.0891,3.8801844,3.598784,3765.426,5449.489,9874.632,547.4065
100,30,4421.4414,1508.0508,3.8801854,3.5987856,3765.369,5449.3735,9873.985,547.4002
100,31,4421.793,1508.0143,3.8801858,3.598787,3765.3242,5449.2886,9873.465,547.3952
100,32,4422.084,1507.9813,3.8801863,3.5987883,3765.2893,5449.2236,9873.047,547.39124
100,33,4422.3213,1507.9521,3.8801868,3.598789,3765.2615,5449.175,9872.711,547.3881
100,34,4422.5146,1507.9268,3.8801873,3.5987897,3765.24,5449.138,9872.44,547.3856
100,35,4422.6724,1507.9049,3.8801875,3.5987902,3765.2227,5449.11,9872.224,547.38367
100,36,4422.801,1507.8862,3.8801877,3.5987906,3765.209,5449.089,9872.05,547.3821
100,37,4422.906,1507.8708,3.8801877,3.598791,3765.1982,5449.0728,9871.91,547.38086
100,38,4422.9893,1507.8579,3.880188,3.5987911,3765.1897,5449.0605,9871.799,547.3799
100,39,4423.0586,1507.8474,3.8801882,3.5987914,3765.183,5449.0503,9871.709,547.3791
100,40,4423.1133,1507.8384,3.8801882,3.5987916,3765.1775,5449.0444,9871.638,547.3784
100,41,4423.158,1507.831,3.8801882,3.5987918,3765.173,5449.0376,9871.579,547.3779
100,42,4423.1943,1507.8253,3.8801885,3.5987918,3765.17,5449.033,9871.534,547.37756
100,43,4423.2236,1507.8204,3.8801885,3.5987918,3765.1672,5449.031,9871.497,547.37726
100,44,4423.247,1507.8164,3.8801885,3.598792,3765.1653,5449.0273,9871.467,547.377
100,45,4423.2656,1507.8131,3.8801885,3.598792,3765.163,5449.0254,9871.443,547.3768
100,46,4423.2803,1507.8103,3.8801885,3.598792,3765.1616,5449.0234,9871.425,547.37665
100,47,4423.293,1507.8085,3.8801885,3.598792,3765.1611,5449.023,9871.41,547.3765
100,48,4423.3027,1507.8068,3.8801885,3.598792,3765.16,5449.021,9871.398,547.3764
100,49,4423.3105,1507.8054,3.8801885,3.598792,3765.1592,5449.021,9871.389,547.37634
100,50,4423.3164,1507.8043,3.8801885,3.598792,3765.1587,5449.0205,9871.381,547.3763
100,51,4423.322,1507.8032,3.8801887,3.598792,3765.158,5449.02,9871.374,547.3762
100,52,4423.3267,1507.8025,3.8801887,3.5987923,3765.158,5449.019,9871.369,547.37616
100,53,4423.33,1507.8019,3.8801887,3.5987923,3765.1575,5449.0186,9871.365,547.37616
100,54,4423.332,1507.8015,3.8801887,3.5987923,3765.1575,5449.0186,9871.363,547.3761
100,55,4423.3335,1507.801,3.8801887,3.5987923,3765.157,5449.019,9871.36,547.3761
100,56,4423.3354,1507.8008,3.8801887,3.5987923,3765.157,5449.0186,9871.358,547.3761
100,57,4423.337,1507.8007,3.8801887,3.5987923,3765.1567,5449.019,9871.356,547.37604
100,58,4423.3384,1507.8002,3.8801887,3.5987923,3765.1567,5449.0186,9871.355,547.37604
100,59,4423.3394,1507.8002,3.8801887,3.5987923,3765.1567,5449.0186,9871.354,547.37604
100,60,4423.34,1507.7998,3.8801887,3.5987923,3765.1565,5449.018,9871.354,547.37604
100,61,4423.3403,1507.7996,3.8801887,3.5987923,3765.1567,5449.0186,9871.353,547.37604
100,62,4423.3403,1507.7996,3.8801887,3.5987923,3765.1565,5449.018,9871.352,547.37604
100,63,4423.341,1507.7994,3.8801887,3.5987923,3765.1565,5449.0186,9871.352,547.37604
100,64,4423.341,1507.7991,3.8801887,3.5987923,3765.1562,5449.0186,9871.352,547.37604
100,65,4423.341,1507.7993,3.8801887,3.5987923,3765.1562,5449.018,9871.352,547.37604
100,66,4423.341,1507.7993,3.8801887,3.5987923,3765.1562,5449.018,9871.352,547.37604
100,67,4423.3413,1507.7996,3.8801887,3.5987923,3765.1562,5449.0176,9871.351,547.37604
100,68,4423.3413,1507.7994,3.8801887,3.5987923,3765.1562,5449.0176,9871.351,547.37604
100,69,4423.342,1507.7992,3.8801887,3.5987923,3765.1562,5449.0176,9871.351,547.37604
100,70,4423.342,1507.7994,3.8801887,3.5987923,3765.1562,5449.0176,9871.351,547.37604
100,71,4423.342,1507.7993,3.8801887,3.5987923,3765.1562,5449.0176,9871.351,547.376
100,72,4423.3413,1507.7992,3.8801887,3.5987923,3765.1562,5449.0176,9871.351,547.37604
100,73,4423.3413,1507.7992,3.8801887,3.5987923,3765.1562,5449.018,9871.351,547.37604
100,74,4423.3413,1507.7993,3.8801887,3.5987923,3765.1562,5449.0176,9871.351,547.376
100,75,4423.3413,1507.7993,3.8801887,3.5987923,3765.1562,5449.0176,9871.351,547.376
100,76,4423.342,1507.7994,3.8801887,3.5987923,3765.1562,5449.0176,9871.351,547.376
100,77,4423.3413,1507.7994,3.8801887,3.5987923,3765.1562,5449.0176,9871.351,547.376
100,78,4423.342,1507.7994,3.8801887,3.5987923,3765.1562,5449.018,9871.351,547.376
100,79,4423.3413,1507.7994,3.8801887,3.5987923,3765.1562,5449.018,9871.351,547.376
100,80,4423.342,1507.7993,3.8801887,3.5987923,3765.1562,5449.018,9871.351,547.376
100,81,4423.342,1507.7993,3.8801887,3.5987923,3765.1562,5449.0176,9871.351,547.37604
100,82,4423.342,1507.7994,3.8801887,3.5987923,3765.1562,5449.0176,9871.351,547.37604
100,83,4423.342,1507.7994,3.8801887,3.5987923,3765.1562,5449.0176,9871.351,547.37604
100,84,4423.342,1507.7994,3.8801887,3.5987923,3765.1562,5449.0176,9871.351,547.37604
100,85,4423.342,1507.7994,3.8801887,3.5987923,3765.1562,5449.0176,9871.351,547.37604
100,86,4423.342,1507.7994,3.8801887,3.5987923,3765.1562,5449.0176,9871.351,547.37604
100,87,4423.342,1507.7994,3.8801887,3.5987923,3765.1562,5449.0176,9871.351,547.37604
100,88,4423.342,1507.7994,3.8801887,3.5987923,3765.1562,5449.0176,9871.351,547.37604
100,89,4423.342,1507.7994,3.8801887,3.5987923,3765.1562,5449.0176,9871.351,547.37604
100,90,4423.342,1507.7994,3.8801887,3.5987923,3765.1562,5449.0176,9871.351,547.37604
100,91,4423.342,1507.7994,3.8801887,3.5987923,3765.1562,5449.0176,9871.351,547.37604
100,92,4423.342,1507.7994,3.8801887,3.5987923,3765.1562,5449.0176,9871.351,547.37604
100,93,4423.342,1507.7994,3.8801887,3.5987923,3765.1562,5449.0176,9871.351,547.37604
100,94,4423.342,1507.7994,3.8801887,3.5987923,3765.1562,5449.0176,9871.351,547.37604
100,95,4423.342,1507.7994,3.8801887,3.5987923,3765.1562,5449.0176,9871.351,547.37604
100,96,4423.342,1507.7994,3.8801887,3.5987923,3765.1562,5449.0176,9871.351,547.37604
100,97,4423.342,1507.7994,3.8801887,3.5987923,3765.1562,5449.0176,9871.351,547.37604
100,98,4423.342,1507.7994,3.8801887,3.5987923,3765.1562,5449.0176,9871.351,547.37604
100,99,4423.342,1507.7994,3.8801887,3.5987923,3765.1562,5449.0176,9871.351,547.37604
100,100,4423.342,1507.7994,3.8801887,3.5987923,3765.1562,5449.0176,9871.351,547.37604
101,1,4715.064,710.21484,3.904149,3.5632205,4353.54,8650.929,11218.517,580.73535
101,2,4982.0576,1063.4347,3.9089801,3.564351,4362.211,8716.623,11638.369,579.6076
101,3,5163.0356,1381.7369,3.9111829,3.5673175,4359.391,8350.387,11707.582,576.9796
101,4,5267.384,1571.5583,3.9119358,3.570015,4331.754,7833.028,11560.626,573.80426
101,5,5315.172,1659.6416,3.912012,3.5720477,4289.931,7320.897,11317.982,570.69794
101,6,5324.2275,1684.875,3.9118176,3.5734763,4243.591,6875.069,11051.533,567.94025
101,7,5308.233,1675.3866,3.9115403,3.5744462,4198.205,6508.8203,10797.096,565.5959
101,8,5277.0986,1648.3986,3.9112597,3.5750902,4156.318,6216.0293,10569.847,563.6334
101,9,5237.7197,1613.7942,3.911006,3.5755093,4118.8647,5984.6562,10374.319,561.9929
101,10,5194.7197,1577.0435,3.9107873,3.5757756,4085.9724,5802.378,10209.906,560.61523
101,11,5151.081,1541.0706,3.9106033,3.5759385,4057.386,5658.556,10073.733,559.45074
101,12,5108.6387,1507.3381,3.9104497,3.5760322,4032.6948,5544.637,9962.115,558.4602
101,13,5068.445,1476.4877,3.9103222,3.5760796,4011.4424,5453.974,9871.286,557.61316
101,14,5031.0366,1448.7008,3.9102159,3.5760963,3993.1838,5381.467,9797.746,556.88574
101,15,4996.62,1423.9127,3.9101274,3.5760934,3977.5088,5323.2153,9738.404,556.2589
101,16,4965.2036,1401.9348,3.9100533,3.576078,3964.0515,5276.228,9690.617,555.7174
101,17,4936.6763,1382.521,3.9099908,3.576055,3952.4927,5238.1924,9652.174,555.2487
101,18,4910.866,1365.4136,3.9099379,3.5760279,3942.555,5207.316,9621.252,554.84235
101,19,4887.5737,1350.3589,3.9098928,3.5759988,3934.002,5182.1855,9596.368,554.48956
101,20,4866.5903,1337.1194,3.909854,3.5759692,3926.6306,5161.691,9576.32,554.18286
101,21,4847.714,1325.4783,3.9098206,3.5759404,3920.2683,5144.947,9560.145,553.9159
101,22,4830.7515,1315.2424,3.9097915,3.5759125,3914.7688,5131.249,9547.069,553.6833
101,23,4815.5225,1306.2399,3.9097662,3.5758862,3910.0073,5120.029,9536.479,553.4804
101,24,4801.8594,1298.3181,3.9097443,3.5758617,3905.8782,5110.832,9527.881,553.3032
101,25,4789.6104,1291.3468,3.909725,3.5758388,3902.2915,5103.2866,9520.887,553.1483
101,26,4778.6367,1285.207,3.9097078,3.5758178,3899.1716,5097.094,9515.185,553.01276
101,27,4768.8105,1279.7958,3.9096928,3.5757985,3896.453,5092.012,9510.525,552.89404
101,28,4760.015,1275.0265,3.9096794,3.5757809,3894.0798,5087.8394,9506.712,552.79
101,29,4752.1494,1270.8202,3.9096677,3.5757647,3892.006,5084.418,9503.586,552.69855
101,30,4745.116,1267.1074,3.9096572,3.57575,3890.191,5081.612,9501.02,552.6183
101,31,4738.8296,1263.8289,3.909648,3.5757368,3888.5999,5079.312,9498.909,552.54767
101,32,4733.214,1260.9333,3.9096398,3.5757246,3887.2039,5077.431,9497.175,552.48553
101,33,4728.198,1258.3743,3.9096324,3.5757136,3885.9768,5075.897,9495.746,552.4308
101,34,4723.72,1256.1125,3.909626,3.5757036,3884.8972,5074.645,9494.571,552.38257
101,35,4719.722,1254.11,3.90962,3.5756946,3883.9465,5073.6274,9493.605,552.34
101,36,4716.1543,1252.3373,3.909615,3.5756865,3883.1082,5072.803,9492.812,552.3024
101,37,4712.9697,1250.7687,3.9096105,3.575679,3882.3682,5072.138,9492.16,552.2692
101,38,4710.13,1249.3776,3.9096062,3.5756724,3881.7144,5071.604,9491.627,552.23987
101,39,4707.594,1248.1465,3.9096026,3.5756662,3881.1362,5071.178,9491.19,552.21387
101,40,4705.3335,1247.0547,3.9095993,3.575661,3880.6243,5070.838,9490.837,552.1909
101,41,4703.3154,1246.0856,3.9095964,3.575656,3880.1711,5070.5723,9490.55,552.17053
101,42,4701.514,1245.2267,3.9095938,3.5756514,3879.7693,5070.3633,9490.317,552.1525
101,43,4699.9077,1244.4637,3.9095917,3.5756474,3879.4126,5070.2056,9490.133,552.13654
101,44,4698.4746,1243.7854,3.9095895,3.5756438,3879.0962,5070.0854,9489.984,552.1223
101,45,4697.1943,1243.184,3.9095876,3.5756404,3878.815,5069.9966,9489.868,552.10974
101,46,4696.0537,1242.6488,3.909586,3.5756376,3878.5647,5069.934,9489.778,552.0986
101,47,4695.0347,1242.1722,3.9095845,3.575635,3878.3423,5069.8906,9489.708,552.0887
101,48,4694.1245,1241.749,3.909583,3.5756326,3878.1443,5069.8643,9489.657,552.07983
101,49,4693.313,1241.3728,3.909582,3.5756304,3877.9678,5069.852,9489.618,552.072
101,50,4692.5874,1241.0374,3.909581,3.5756283,3877.811,5069.8477,9489.593,552.065
101,51,4691.94,1240.7388,3.90958,3.5756266,3877.671,5069.8535,9489.576,552.05884
101,52,4691.361,1240.4733,3.909579,3.575625,3877.5461,5069.8623,9489.566,552.05334
101,53,4690.844,1240.2372,3.9095783,3.5756235,3877.4348,5069.8765,9489.562,552.0484
101,54,4690.382,1240.0249,3.9095776,3.5756223,3877.3352,5069.8945,9489.5625,552.044
101,55,4689.969,1239.837,3.9095771,3.5756211,3877.2466,5069.9146,9489.567,552.0401
101,56,4689.5996,1239.6691,3.9095767,3.5756202,3877.1672,5069.9346,9489.574,552.0366
101,57,4689.2705,1239.5197,3.9095762,3.5756192,3877.0962,5069.9565,9489.582,552.03357
101,58,4688.9746,1239.3846,3.9095757,3.5756183,3877.0327,5069.9785,9489.593,552.03076
101,59,4688.7114,1239.2661,3.9095752,3.5756176,3876.976,5070.0005,9489.6045,552.0283
101,60,4688.4756,1239.1599,3.909575,3.5756168,3876.9255,5070.0215,9489.616,552.0261
101,61,4688.264,1239.0638,3.9095745,3.5756161,3876.8804,5070.042,9489.628,552.0242
101,62,4688.0747,1238.9796,3.9095743,3.5756156,3876.8398,5070.062,9489.64,552.0224
101,63,4687.9062,1238.9042,3.909574,3.5756152,3876.8035,5070.081,9489.652,552.0208
101,64,4687.7544,1238.8351,3.9095738,3.5756147,3876.771,5070.099,9489.663,552.0194
101,65,4687.619,1238.7737,3.9095736,3.5756142,3876.7417,5070.1157,9489.675,552.0182
101,66,4687.4966,1238.7207,3.9095733,3.575614,3876.7158,5070.132,9489.686,552.0171
101,67,4687.389,1238.6715,3.9095733,3.5756135,3876.6924,5070.148,9489.697,552.01605
101,68,4687.2915,1238.6277,3.909573,3.5756133,3876.6714,5070.1606,9489.707,552.0152
101,69,4687.2036,1238.5902,3.909573,3.575613,3876.6528,5070.1743,9489.717,552.01434
101,70,4687.125,1238.5559,3.9095728,3.5756128,3876.636,5070.1865,9489.725,552.0137
101,71,4687.0557,1238.5243,3.9095728,3.5756125,3876.6206,5070.1973,9489.733,552.013
101,72,4686.9937,1238.4951,3.9095726,3.5756123,3876.6074,5070.209,9489.741,552.01245
101,73,4686.9375,1238.4712,3.9095726,3.575612,3876.595,5070.2183,9489.748,552.0119
101,74,4686.886,1238.4481,3.9095726,3.575612,3876.5842,5070.2266,9489.755,552.0115
101,75,4686.8413,1238.4281,3.9095724,3.5756118,3876.5745,5070.235,9489.762,552.01105
101,76,4686.801,1238.4097,3.9095724,3.5756118,3876.5657,5070.2427,9489.768,552.0107
101,77,4686.7637,1238.3938,3.9095724,3.5756116,3876.5576,5070.2495,9489.771,552.0104
101,78,4686.731,1238.3794,3.9095724,3.5756116,3876.5505,5070.256,9489.777,552.0101
101,79,4686.7017,1238.3663,3.9095721,3.5756114,3876.5442,5070.2603,9489.782,552.0098
101,80,4686.6753,1238.3546,3.9095721,3.5756114,3876.5383,5070.266,9489.786,552.0096
101,81,4686.652,1238.3453,3.9095721,3.5756114,3876.5332,5070.2705,9489.79,552.00934
101,82,4686.632,1238.3347,3.9095721,3.575611,3876.5288,5070.275,9489.793,552.00916
101,83,4686.6123,1238.3267,3.9095721,3.575611,3876.525,5070.28,9489.797,552.00903
101,84,4686.5947,1238.3196,3.9095721,3.575611,3876.521,5070.282,9489.8,552.00885
101,85,4686.579,1238.3127,3.9095721,3.575611,3876.5178,5070.2866,9489.803,552.0087
101,86,4686.566,1238.3074,3.909572,3.575611,3876.5146,5070.289,9489.805,552.0086
101,87,4686.5537,1238.3018,3.909572,3.5756109,3876.512,5070.2915,9489.807,552.0085
101,88,4686.5435,1238.2965,3.909572,3.5756109,3876.5095,5070.294,9489.809,552.00836
101,89,4686.5327,1238.2921,3.909572,3.5756109,3876.5078,5070.296,9489.811,552.0083
101,90,4686.524,1238.2877,3.909572,3.5756109,3876.5056,5070.2983,9489.8125,552.00824
101,91,4686.515,1238.2843,3.909572,3.5756109,3876.504,5070.2993,9489.813,552.0081
101,92,4686.51,1238.2809,3.909572,3.5756109,3876.5024,5070.3022,9489.815,552.00806
101,93,4686.501,1238.2789,3.909572,3.5756109,3876.501,5070.305,9489.816,552.008
101,94,4686.4956,1238.2765,3.909572,3.5756109,3876.4998,5070.305,9489.817,552.008
101,95,4686.4907,1238.2736,3.909572,3.5756109,3876.4985,5070.3066,9489.818,552.00793
101,96,4686.4863,1238.2714,3.909572,3.5756106,3876.4973,5070.308,9489.819,552.0079
101,97,4686.482,1238.2704,3.909572,3.5756106,3876.4966,5070.3096,9489.82,552.0078
101,98,4686.48,1238.2682,3.909572,3.5756106,3876.4958,5070.3096,9489.821,552.0078
101,99,4686.4756,1238.2665,3.909572,3.5756106,3876.495,5070.3105,9489.822,552.00775
101,100,4686.472,1238.2655,3.909572,3.5756106,3876.4944,5070.31,9489.822,552.00775
102,1,6591.562,684.6154,3.8984594,3.5676026,4296.5684,7711.546,10802.273,578.1534
102,2,7418.546,1072.3572,3.901062,3.5706694,4219.123,7838.865,11198.554,577.8332
102,3,7606.0205,1510.6224,3.9022212,3.574599,4169.218,7807.244,11428.25,575.9566
102,4,7510.9033,1837.8989,3.90244,3.5777802,4119.267,7620.995,11514.097,573.40784
102,5,7313.2783,2045.0951,3.9022217,3.5800693,4065.763,7369.844,11505.736,570.8772
102,6,7093.7964,2161.1836,3.9018514,3.5816624,4012.1963,7114.285,11443.059,568.61975
102,7,6884.5767,2216.2664,3.9014626,3.5827706,3962.0972,6881.7354,11353.654,566.67883
102,8,6696.59,2233.1592,3.9011064,3.5835533,3917.5042,6680.625,11254.992,565.0274
102,9,6532.205,2227.3381,3.9007976,3.5841186,3879.1255,6510.7437,11157.196,563.624
102,10,6390.4473,2208.7266,3.9005353,3.5845377,3846.826,6368.6675,11065.531,562.4299
102,11,6269.1245,2183.4636,3.9003134,3.5848567,3820.0354,6250.2007,10982.278,561.41235
102,12,6165.702,2155.242,3.9001253,3.5851057,3798.0205,6151.3496,10908.022,560.5446
102,13,6077.6685,2126.2207,3.8999643,3.5853038,3780.0332,6068.647,10842.462,559.8047
102,14,6002.7026,2097.6187,3.8998256,3.5854652,3765.3882,5999.202,10784.88,559.1739
102,15,5938.7417,2070.0903,3.899705,3.5855982,3753.4905,5940.6445,10734.414,558.63654
102,16,5883.9985,2043.9559,3.8995993,3.5857098,3743.8394,5891.052,10690.194,558.17926
102,17,5836.953,2019.3403,3.8995056,3.585804,3736.0234,5848.867,10651.405,557.79047
102,18,5796.3306,1996.26,3.8994222,3.5858846,3729.705,5812.83,10617.32,557.46027
102,19,5761.0645,1974.6719,3.899347,3.585954,3724.6118,5781.916,10587.299,557.18005
102,20,5730.2793,1954.502,3.8992794,3.5860138,3720.5212,5755.292,10560.79,556.94257
102,21,5703.254,1935.6636,3.8992178,3.586066,3717.2544,5732.2754,10537.316,556.74146
102,22,5679.3926,1918.0662,3.8991618,3.5861115,3714.6663,5712.3066,10516.471,556.57135
102,23,5658.2036,1901.6199,3.89911,3.5861516,3712.6367,5694.924,10497.906,556.4277
102,24,5639.2886,1886.2404,3.8990626,3.5861866,3711.0698,5679.7427,10481.325,556.3065
102,25,5622.313,1871.8474,3.8990188,3.5862179,3709.885,5666.4453,10466.47,556.2045
102,26,5607.0034,1858.3673,3.8989778,3.5862453,3709.017,5654.763,10453.124,556.1188
102,27,5593.133,1845.7317,3.8989398,3.5862699,3708.4116,5644.4727,10441.099,556.04694
102,28,5580.509,1833.8782,3.8989043,3.5862916,3708.0232,5635.382,10430.233,555.9869
102,29,5568.9756,1822.7496,3.8988712,3.586311,3707.815,5627.334,10420.388,555.9369
102,30,5558.3975,1812.293,3.89884,3.5863285,3707.7544,5620.19,10411.443,555.8954
102,31,5548.663,1802.4606,3.8988109,3.586344,3707.816,5613.8325,10403.294,555.8612
102,32,5539.6763,1793.2081,3.8987832,3.586358,3707.9768,5608.1636,10395.853,555.8332
102,33,5531.3555,1784.4946,3.8987572,3.586371,3708.219,5603.096,10389.038,555.8105
102,34,5523.631,1776.2837,3.898733,3.5863824,3708.5264,5598.5566,10382.784,555.7922
102,35,5516.4434,1768.5406,3.8987098,3.5863926,3708.886,5594.482,10377.03,555.7777
102,36,5509.7383,1761.2344,3.8986878,3.5864022,3709.2866,5590.8164,10371.727,555.7665
102,37,5503.474,1754.3358,3.898667,3.5864108,3709.7195,5587.5107,10366.825,555.758
102,38,5497.6074,1747.8187,3.8986475,3.5864186,3710.1753,5584.5254,10362.289,555.7518
102,39,5492.108,1741.658,3.898629,3.586426,3710.6482,5581.8228,10358.08,555.7475
102,40,5486.9424,1735.8317,3.8986113,3.5864325,3711.1326,5579.3706,10354.17,555.74493
102,41,5482.0825,1730.3182,3.8985946,3.5864387,3711.6233,5577.1426,10350.529,555.74365
102,42,5477.5073,1725.098,3.8985786,3.5864441,3712.1167,5575.1133,10347.136,555.7436
102,43,5473.195,1720.1539,3.8985636,3.5864494,3712.61,5573.262,10343.966,555.7445
102,44,5469.1235,1715.4688,3.8985493,3.5864542,3713.0996,5571.569,10341.002,555.74615
102,45,5465.2793,1711.0277,3.8985357,3.5864584,3713.5837,5570.019,10338.227,555.7485
102,46,5461.645,1706.8156,3.8985226,3.5864625,3714.061,5568.5967,10335.623,555.7513
102,47,5458.2056,1702.8195,3.8985105,3.5864663,3714.5286,5567.2896,10333.18,555.7546
102,48,5454.949,1699.0269,3.8984985,3.58647,3714.9863,5566.0854,10330.884,555.7582
102,49,5451.865,1695.4264,3.8984876,3.5864732,3715.4333,5564.9756,10328.723,555.762
102,50,5448.9424,1692.0072,3.8984768,3.5864763,3715.8682,5563.9487,10326.6875,555.7661
102,51,5446.169,1688.759,3.8984668,3.5864792,3716.291,5562.9995,10324.7705,555.7703
102,52,5443.5366,1685.6724,3.898457,3.5864818,3716.7012,5562.119,10322.961,555.7746
102,53,5441.038,1682.7385,3.898448,3.5864844,3717.0984,5561.3022,10321.252,555.77893
102,54,5438.666,1679.9495,3.8984392,3.5864868,3717.4832,5560.542,10319.638,555.7833
102,55,5436.4126,1677.2975,3.8984308,3.586489,3717.8542,5559.834,10318.11,555.78766
102,56,5434.27,1674.7747,3.898423,3.586491,3718.2126,5559.174,10316.666,555.792
102,57,5432.2344,1672.3749,3.8984153,3.586493,3718.5576,5558.5586,10315.299,555.79626
102,58,5430.297,1670.0914,3.8984082,3.586495,3718.8901,5557.9824,10314.003,555.8005
102,59,5428.4565,1667.9182,3.8984013,3.5864966,3719.2107,5557.4434,10312.774,555.8046
102,60,5426.7026,1665.8496,3.8983948,3.5864983,3719.5188,5556.9385,10311.61,555.80865
102,61,5425.0356,1663.8807,3.8983884,3.5865,3719.8147,5556.465,10310.506,555.8126
102,62,5423.4478,1662.0055,3.8983824,3.5865014,3720.0989,5556.0195,10309.458,555.81647
102,63,5421.9365,1660.2198,3.898377,3.5865028,3720.3716,5555.601,10308.463,555.82025
102,64,5420.498,1658.5194,3.8983715,3.586504,3720.633,5555.2075,10307.518,555.82385
102,65,5419.1284,1656.8997,3.8983662,3.5865054,3720.8843,5554.8374,10306.619,555.8274
102,66,5417.823,1655.3566,3.8983614,3.5865066,3721.125,5554.489,10305.766,555.8308
102,67,5416.58,1653.8865,3.8983567,3.5865076,3721.3557,5554.1587,10304.954,555.8341
102,68,5415.3965,1652.4858,3.8983521,3.5865088,3721.5764,5553.8477,10304.183,555.8373
102,69,5414.2676,1651.1511,3.8983479,3.5865097,3721.7883,5553.5537,10303.449,555.84033
102,70,5413.1924,1649.8793,3.8983438,3.5865107,3721.991,5553.2764,10302.751,555.8433
102,71,5412.1685,1648.667,3.89834,3.5865116,3722.1848,5553.013,10302.087,555.8462
102,72,5411.1904,1647.5115,3.8983364,3.5865126,3722.3699,5552.7646,10301.454,555.8489
102,73,5410.2603,1646.4098,3.8983328,3.5865133,3722.5476,5552.5293,10300.853,555.8515
102,74,5409.373,1645.3602,3.8983295,3.586514,3722.717,5552.3066,10300.279,555.85406
102,75,5408.528,1644.3593,3.8983262,3.586515,3722.8794,5552.095,10299.733,555.8565
102,76,5407.722,1643.405,3.898323,3.5865154,3723.0347,5551.894,10299.214,555.8588
102,77,5406.953,1642.4954,3.8983202,3.5865161,3723.1829,5551.704,10298.72,555.8611
102,78,5406.22,1641.6282,3.8983173,3.5865169,3723.325,5551.5234,10298.248,555.8632
102,79,5405.5225,1640.8005,3.8983147,3.5865176,3723.4602,5551.352,10297.799,555.86523
102,80,5404.8555,1640.0122,3.8983123,3.586518,3723.5896,5551.189,10297.371,555.86725
102,81,5404.2197,1639.26,3.89831,3.5865185,3723.7134,5551.034,10296.963,555.86914
102,82,5403.6147,1638.5426,3.8983076,3.5865192,3723.8318,5550.887,10296.574,555.8709
102,83,5403.0366,1637.8586,3.8983054,3.5865197,3723.9446,5550.748,10296.203,555.8726
102,84,5402.4854,1637.2068,3.8983033,3.5865202,3724.0522,5550.6147,10295.851,555.8743
102,85,5401.9595,1636.5842,3.8983011,3.5865207,3724.1553,5550.488,10295.514,555.87585
102,86,5401.4585,1635.991,3.8982992,3.586521,3724.2537,5550.368,10295.192,555.8774
102,87,5400.9805,1635.425,3.8982975,3.5865214,3724.3474,5550.2524,10294.887,555.87885
102,88,5400.5254,1634.8851,3.8982959,3.5865219,3724.437,5550.1445,10294.595,555.88025
102,89,5400.0894,1634.3699,3.8982942,3.586522,3724.5227,5550.0405,10294.317,555.88153
102,90,5399.6753,1633.879,3.8982925,3.5865226,3724.605,5549.942,10294.052,555.8828
102,91,5399.28,1633.4105,3.898291,3.5865228,3724.6826,5549.8477,10293.8,555.88403
102,92,5398.9023,1632.9635,3.8982897,3.5865233,3724.7568,5549.759,10293.559,555.8852
102,93,5398.542,1632.5375,3.8982882,3.5865235,3724.8281,5549.6733,10293.329,555.8863
102,94,5398.199,1632.1307,3.8982868,3.5865238,3724.896,5549.5923,10293.109,555.8873
102,95,5397.871,1631.7432,3.8982856,3.586524,3724.9607,5549.514,10292.9,555.88837
102,96,5397.5586,1631.373,3.8982844,3.5865242,3725.0227,5549.4414,10292.7,555.88934
102,97,5397.261,1631.02,3.8982832,3.5865247,3725.0818,5549.3706,10292.51,555.89026
102,98,5396.975,1630.6832,3.8982823,3.586525,3725.138,5549.3037,10292.329,555.8911
102,99,5396.704,1630.3623,3.898281,3.5865252,3725.1917,5549.24,10292.155,555.89197
102,100,5396.446,1630.0559,3.8982801,3.5865252,3725.243,5549.179,10291.991,555.89276
103,1,3675.1023,329.2481,3.8995056,3.5559087,4290.1772,9006.031,11064.316,583.3095
103,2,4025.1287,626.0374,3.9028668,3.555104,4119.2485,9039.93,10989.106,579.5789
103,3,4485.7627,951.64825,3.9045,3.5578992,4034.4246,8776.45,10806.683,575.1527
103,4,4836.5728,1204.0457,3.9052474,3.561192,3991.7275,8440.093,10646.865,571.47095
103,5,5062.7856,1394.2177,3.9056008,3.5641773,3962.9438,8106.2275,10519.09,568.5134
103,6,5195.443,1539.9161,3.9057689,3.5667,3937.489,7799.1553,10412.047,566.07825
103,7,5267.225,1653.3954,3.9058418,3.5687811,3912.3965,7525.026,10316.212,564.0252
103,8,5302.4277,1742.6333,3.9058626,3.5704834,3887.2612,7283.432,10226.673,562.27527
103,9,5316.9663,1813.0542,3.9058537,3.5718725,3862.3792,7071.648,10141.729,560.781
103,10,5320.6104,1868.5558,3.9058287,3.573007,3838.1443,6886.28,10061.259,559.50806
103,11,5319.123,1912.0721,3.9057949,3.5739357,3814.882,6723.9414,9985.6875,558.42694
103,12,5315.7974,1945.8949,3.9057567,3.574699,3792.8203,6581.5234,9915.448,557.51105
103,13,5312.452,1971.8582,3.9057171,3.5753284,3772.096,6456.2793,9850.79,556.736
103,14,5310.039,1991.4521,3.9056776,3.57585,3752.777,6345.831,9791.75,556.0802
103,15,5309.005,2005.8975,3.905639,3.5762842,3734.879,6248.148,9738.176,555.52454
103,16,5309.503,2016.1992,3.9056022,3.5766473,3718.3801,6161.4966,9689.789,555.0528
103,17,5311.5215,2023.181,3.9055674,3.5769527,3703.233,6084.4097,9646.231,554.6512
103,18,5314.9575,2027.5194,3.9055347,3.577211,3689.374,6015.6416,9607.103,554.3081
103,19,5319.661,2029.7676,3.9055045,3.57743,3676.7297,5954.1353,9571.997,554.0141
103,20,5325.463,2030.374,3.9054763,3.5776174,3665.2217,5898.9897,9540.513,553.7611
103,21,5332.189,2029.7063,3.9054506,3.5777786,3654.7703,5849.436,9512.273,553.5427
103,22,5339.6704,2028.0598,3.905427,3.5779176,3645.2957,5804.819,9486.928,553.3534
103,23,5347.7495,2025.6716,3.9054055,3.5780387,3636.7205,5764.5693,9464.155,553.1888
103,24,5356.285,2022.7361,3.9053862,3.5781446,3628.971,5728.1997,9443.67,553.04517
103,25,5365.1484,2019.4045,3.9053686,3.5782375,3621.977,5695.285,9425.212,552.9194
103,26,5374.2246,2015.8009,3.9053528,3.5783198,3615.6733,5665.4556,9408.554,552.809
103,27,5383.4185,2012.0206,3.9053388,3.578393,3609.9978,5638.3877,9393.49,552.71185
103,28,5392.644,2008.1427,3.9053264,3.5784585,3604.8938,5613.7954,9379.842,552.62616
103,29,5401.832,2004.2246,3.9053154,3.5785177,3600.3086,5591.4277,9367.452,552.5503
103,30,5410.9204,2000.3154,3.9053056,3.5785708,3596.194,5571.0615,9356.182,552.48315
103,31,5419.863,1996.4496,3.905297,3.5786192,3592.5051,5552.5,9345.909,552.4235
103,32,5428.618,1992.6554,3.9052896,3.5786633,3589.2014,5535.5664,9336.525,552.3705
103,33,5437.1543,1988.9532,3.9052832,3.5787039,3586.246,5520.1045,9327.936,552.3233
103,34,5445.4478,1985.3578,3.905278,3.578741,3583.605,5505.9746,9320.059,552.28125
103,35,5453.4795,1981.8793,3.9052732,3.5787754,3581.247,5493.05,9312.82,552.2437
103,36,5461.237,1978.5244,3.9052694,3.5788074,3579.1443,5481.2163,9306.157,552.2102
103,37,5468.7104,1975.2988,3.905266,3.578837,3577.2715,5470.3755,9300.013,552.18024
103,38,5475.896,1972.203,3.9052634,3.5788643,3575.6055,5460.435,9294.336,552.15344
103,39,5482.791,1969.2379,3.9052615,3.5788898,3574.1255,5451.311,9289.082,552.12946
103,40,5489.396,1966.4023,3.9052598,3.578914,3572.8125,5442.932,9284.213,552.108
103,41,5495.714,1963.6943,3.9052587,3.5789363,3571.6494,5435.231,9279.693,552.0888
103,42,5501.7495,1961.1113,3.9052577,3.5789573,3570.6208,5428.1475,9275.491,552.0716
103,43,5507.5093,1958.6493,3.9052572,3.5789769,3569.7126,5421.6255,9271.581,552.05615
103,44,5512.9985,1956.3047,3.9052572,3.5789955,3568.9128,5415.618,9267.9375,552.0423
103,45,5518.2266,1954.0745,3.9052572,3.5790129,3568.2097,5410.078,9264.537,552.0299
103,46,5523.2026,1951.9529,3.9052575,3.5790293,3567.5928,5404.9683,9261.362,552.0188
103,47,5527.9336,1949.9373,3.905258,3.5790448,3567.0535,5400.25,9258.393,552.00885
103,48,5532.428,1948.0214,3.9052587,3.5790594,3566.5833,5395.8896,9255.613,551.99994
103,49,5536.6973,1946.2021,3.9052594,3.5790732,3566.1746,5391.859,9253.01,551.99194
103,50,5540.7495,1944.4753,3.9052603,3.5790863,3565.8208,5388.1294,9250.568,551.9848
103,51,5544.595,1942.8358,3.9052613,3.5790985,3565.5159,5384.676,9248.278,551.9784
103,52,5548.2407,1941.2805,3.9052622,3.5791101,3565.2546,5381.475,9246.128,551.97266
103,53,5551.6978,1939.8049,3.9052634,3.579121,3565.032,5378.5103,9244.108,551.96747
103,54,5554.9746,1938.4056,3.9052646,3.5791314,3564.8435,5375.7563,9242.209,551.9629
103,55,5558.0786,1937.079,3.9052658,3.5791411,3564.6858,5373.202,9240.422,551.95874
103,56,5561.0186,1935.8204,3.905267,3.5791504,3564.5547,5370.8286,9238.74,551.9551
103,57,5563.803,1934.6277,3.9052682,3.5791593,3564.4475,5368.623,9237.157,551.9518
103,58,5566.44,1933.4971,3.9052696,3.5791676,3564.361,5366.5713,9235.664,551.9488
103,59,5568.936,1932.4248,3.9052708,3.5791755,3564.2932,5364.663,9234.258,551.94617
103,60,5571.2983,1931.4088,3.905272,3.5791829,3564.2415,5362.8853,9232.932,551.9438
103,61,5573.534,1930.4469,3.9052734,3.5791898,3564.2039,5361.23,9231.682,551.9417
103,62,5575.6494,1929.5344,3.9052746,3.5791965,3564.1785,5359.687,9230.502,551.9398
103,63,5577.6523,1928.67,3.9052758,3.579203,3564.1643,5358.247,9229.388,551.9382
103,64,5579.546,1927.851,3.905277,3.5792089,3564.1592,5356.9043,9228.336,551.9367
103,65,5581.339,1927.0754,3.9052782,3.5792143,3564.162,5355.6504,9227.344,551.93536
103,66,5583.033,1926.3402,3.9052794,3.5792198,3564.172,5354.48,9226.405,551.93414
103,67,5584.638,1925.6433,3.9052806,3.5792248,3564.1875,5353.3853,9225.519,551.9331
103,68,5586.155,1924.9838,3.9052815,3.5792296,3564.2083,5352.363,9224.681,551.9322
103,69,5587.5903,1924.3585,3.9052827,3.5792341,3564.2334,5351.4067,9223.889,551.93134
103,70,5588.9473,1923.7664,3.9052837,3.5792384,3564.2617,5350.5103,9223.14,551.9306
103,71,5590.231,1923.205,3.9052846,3.5792425,3564.293,5349.6724,9222.432,551.92993
103,72,5591.445,1922.6738,3.9052858,3.5792463,3564.3267,5348.8877,9221.762,551.9294
103,73,5592.5933,1922.1704,3.9052868,3.57925,3564.362,5348.1533,9221.129,551.92883
103,74,5593.6797,1921.6935,3.9052875,3.5792534,3564.399,5347.4644,9220.53,551.9284
103,75,5594.7075,1921.2417,3.9052885,3.5792568,3564.437,5346.818,9219.963,551.928
103,76,5595.6787,1920.8137,3.9052894,3.5792599,3564.4756,5346.212,9219.427,551.9276
103,77,5596.5977,1920.4086,3.9052901,3.5792627,3564.5144,5345.6436,9218.919,551.9273
103,78,5597.468,1920.0244,3.905291,3.5792656,3564.554,5345.1104,9218.438,551.92706
103,79,5598.29,1919.6609,3.9052918,3.5792682,3564.5933,5344.609,9217.983,551.9268
103,80,5599.067,1919.3159,3.9052925,3.5792706,3564.6323,5344.1387,9217.554,551.92664
103,81,5599.8037,1918.9899,3.9052932,3.579273,3564.6711,5343.697,9217.1455,551.92645
103,82,5600.4985,1918.6809,3.905294,3.5792754,3564.7092,5343.2817,9216.76,551.9263
103,83,5601.1577,1918.388,3.9052944,3.5792775,3564.7468,5342.8906,9216.394,551.92615
103,84,5601.7793,1918.1107,3.9052951,3.5792794,3564.7837,5342.5234,9216.048,551.926
103,85,5602.3687,1917.8477,3.9052956,3.5792813,3564.82,5342.179,9215.72,551.9259
103,86,5602.926,1917.5989,3.9052963,3.579283,3564.855,5341.853,9215.41,551.92584
103,87,5603.453,1917.3632,3.9052968,3.579285,3564.8894,5341.548,9215.115,551.9258
103,88,5603.952,1917.14,3.9052973,3.5792863,3564.923,5341.2593,9214.836,551.9257
103,89,5604.4243,1916.9277,3.9052978,3.579288,3564.9556,5340.9883,9214.573,551.92566
103,90,5604.8706,1916.7281,3.9052982,3.5792894,3564.9868,5340.734,9214.322,551.9256
103,91,5605.294,1916.5378,3.9052987,3.5792909,3565.0176,5340.493,9214.086,551.9256
103,92,5605.6934,1916.3582,3.9052992,3.579292,3565.0469,5340.2666,9213.861,551.92554
103,93,5606.072,1916.1877,3.9052997,3.5792933,3565.0757,5340.053,9213.649,551.92554
103,94,5606.4297,1916.0265,3.9053001,3.5792944,3565.103,5339.851,9213.447,551.92554
103,95,5606.768,1915.8732,3.9053004,3.5792956,3565.1296,5339.662,9213.257,551.9255
103,96,5607.089,1915.7288,3.9053009,3.5792966,3565.155,5339.4834,9213.076,551.9255
103,97,5607.3916,1915.5917,3.905301,3.5792975,3565.1797,5339.3145,9212.905,551.9255
103,98,5607.679,1915.4618,3.9053016,3.5792985,3565.2034,5339.1562,9212.741,551.9255
103,99,5607.9507,1915.3387,3.9053018,3.5792994,3565.226,5339.005,9212.589,551.9255
103,100,5608.208,1915.2219,3.905302,3.5793004,3565.2478,5338.864,9212.442,551.9255
104,1,4083.7183,1552.9933,3.8991756,3.562425,4064.3335,9108.921,11429.781,591.0819
104,2,4279.706,1984.8407,3.899245,3.5656743,3889.3218,9031.504,11566.912,592.54846
104,3,4524.776,2160.3306,3.8978417,3.5707812,3826.1692,8553.063,11407.229,590.33856
104,4,4747.173,2228.1414,3.8964243,3.5751402,3798.266,8072.6997,11166.336,587.07904
104,5,4941.754,2253.6865,3.8953385,3.5785115,3781.378,7676.7305,10942.717,583.7566
104,6,5107.799,2262.0603,3.8945603,3.5810673,3769.1475,7363.591,10762.055,580.73126
104,7,5246.201,2263.6045,3.8940024,3.5829985,3759.7947,7116.446,10622.49,578.1043
104,8,5359.474,2262.8774,3.8935938,3.5844586,3752.586,6919.81,10515.634,575.8718
104,9,5450.898,2261.8945,3.893286,3.585565,3747.026,6761.8213,10433.373,573.9919
104,10,5523.8027,2261.468,3.8930488,3.5864065,3742.7012,6633.6616,10369.344,572.4133
104,11,5581.2197,2261.8389,3.8928628,3.5870485,3739.2659,6528.729,10318.849,571.08685
104,12,5625.775,2262.9944,3.8927147,3.5875406,3736.44,6442.015,10278.471,569.9688
104,13,5659.6943,2264.8188,3.892596,3.5879195,3734.0083,6369.684,10245.715,569.0226
104,14,5684.8525,2267.175,3.8925002,3.5882125,3731.8142,6308.779,10218.756,568.2177
104,15,5702.8203,2269.929,3.8924227,3.5884397,3729.7468,6257.0107,10196.242,567.52924
104,16,5714.914,2272.971,3.8923595,3.5886168,3727.7341,6212.602,10177.171,566.937
104,17,5722.2354,2276.207,3.8923082,3.5887554,3725.7322,6174.1685,10160.79,566.4245
104,18,5725.703,2279.567,3.8922665,3.5888638,3723.7166,6140.629,10146.541,565.97845
104,19,5726.083,2282.9932,3.8922327,3.5889494,3721.6782,6111.132,10134.0,565.588
104,20,5724.012,2286.443,3.8922052,3.589017,3719.6167,6085.0073,10122.847,565.2444
104,21,5720.0156,2289.8828,3.892183,3.58907,3717.5366,6061.72,10112.841,564.9403
104,22,5714.5303,2293.2876,3.892165,3.5891123,3715.4478,6040.8433,10103.796,564.67004
104,23,5707.9126,2296.6375,3.8921504,3.5891454,3713.3594,6022.0312,10095.57,564.4285
104,24,5700.457,2299.9177,3.892139,3.589172,3711.2827,6005.0034,10088.052,564.2119
104,25,5692.4023,2303.1174,3.8921297,3.5891926,3709.227,5989.53,10081.153,564.0168
104,26,5683.9434,2306.2288,3.8921223,3.589209,3707.2014,5975.4194,10074.805,563.84033
104,27,5675.2383,2309.245,3.8921165,3.5892217,3705.2144,5962.513,10068.948,563.68024
104,28,5666.4146,2312.1633,3.892112,3.5892317,3703.272,5950.677,10063.537,563.5345
104,29,5657.5728,2314.9805,3.8921087,3.5892394,3701.3806,5939.797,10058.532,563.4015
104,30,5648.793,2317.6948,3.892106,3.589245,3699.5442,5929.7764,10053.897,563.2797
104,31,5640.1396,2320.3066,3.8921041,3.5892494,3697.766,5920.5303,10049.604,563.16797
104,32,5631.662,2322.8154,3.8921027,3.5892522,3696.0493,5911.986,10045.625,563.06525
104,33,5623.3965,2325.2217,3.8921018,3.5892544,3694.395,5904.079,10041.937,562.9706
104,34,5615.373,2327.5283,3.892101,3.5892556,3692.8044,5896.755,10038.517,562.88324
104,35,5607.611,2329.7354,3.8921008,3.589256,3691.2783,5889.9614,10035.346,562.8024
104,36,5600.1235,2331.8462,3.8921006,3.589256,3689.816,5883.656,10032.406,562.72766
104,37,5592.9204,2333.8623,3.8921006,3.5892556,3688.4172,5877.7974,10029.681,562.6583
104,38,5586.0063,2335.7866,3.8921008,3.5892546,3687.0806,5872.351,10027.155,562.59393
104,39,5579.382,2337.6223,3.892101,3.5892537,3685.8057,5867.284,10024.813,562.5341
104,40,5573.047,2339.371,3.8921013,3.5892522,3684.5903,5862.568,10022.643,562.47845
104,41,5566.9956,2341.0364,3.8921015,3.5892508,3683.433,5858.175,10020.63,562.42664
104,42,5561.225,2342.6216,3.8921018,3.5892491,3682.3328,5854.0815,10018.765,562.37836
104,43,5555.728,2344.1287,3.8921022,3.5892475,3681.2866,5850.266,10017.035,562.3334
104,44,5550.497,2345.5613,3.8921025,3.5892456,3680.2935,5846.708,10015.433,562.2913
104,45,5545.5234,2346.9219,3.892103,3.589244,3679.351,5843.387,10013.947,562.2521
104,46,5540.799,2348.2144,3.8921032,3.589242,3678.457,5840.289,10012.568,562.21545
104,47,5536.315,2349.4402,3.8921034,3.58924,3677.61,5837.397,10011.292,562.1812
104,48,5532.062,2350.6025,3.892104,3.5892382,3676.8074,5834.696,10010.106,562.14923
104,49,5528.031,2351.7043,3.8921041,3.5892363,3676.0479,5832.1733,10009.008,562.11926
104,50,5524.211,2352.749,3.8921044,3.5892346,3675.3286,5829.8154,10007.989,562.09125
104,51,5520.594,2353.7388,3.8921046,3.5892327,3674.649,5827.6133,10007.043,562.065
104,52,5517.1714,2354.676,3.8921049,3.589231,3674.0059,5825.553,10006.165,562.04047
104,53,5513.933,2355.5627,3.892105,3.5892293,3673.3982,5823.628,10005.35,562.01746
104,54,5510.871,2356.402,3.892105,3.5892277,3672.824,5821.8276,10004.594,561.9959
104,55,5507.9775,2357.195,3.8921053,3.589226,3672.2817,5820.143,10003.891,561.9757
104,56,5505.2427,2357.9465,3.8921056,3.5892246,3671.7698,5818.5684,10003.238,561.9568
104,57,5502.6597,2358.6558,3.8921056,3.589223,3671.2866,5817.094,10002.633,561.9391
104,58,5500.22,2359.326,3.8921058,3.5892215,3670.8306,5815.7144,10002.069,561.9224
104,59,5497.9175,2359.9595,3.8921058,3.58922,3670.4,5814.4243,10001.546,561.90686
104,60,5495.744,2360.558,3.892106,3.5892189,3669.9941,5813.2153,10001.059,561.8922
104,61,5493.694,2361.1233,3.892106,3.5892174,3669.6118,5812.085,10000.606,561.87854
104,62,5491.759,2361.656,3.892106,3.5892162,3669.2505,5811.0244,10000.185,561.86566
104,63,5489.9346,2362.1597,3.8921063,3.589215,3668.9104,5810.0327,9999.793,561.8536
104,64,5488.214,2362.6345,3.8921063,3.5892138,3668.5898,5809.1035,9999.429,561.8423
104,65,5486.592,2363.082,3.8921063,3.589213,3668.2878,5808.233,9999.089,561.83167
104,66,5485.063,2363.5056,3.8921063,3.589212,3668.0032,5807.4175,9998.773,561.8217
104,67,5483.622,2363.904,3.8921063,3.589211,3667.7349,5806.6533,9998.479,561.8124
104,68,5482.264,2364.2795,3.8921063,3.58921,3667.4824,5805.9375,9998.203,561.8036
104,69,5480.985,2364.6343,3.8921065,3.589209,3667.2446,5805.267,9997.948,561.79535
104,70,5479.78,2364.9685,3.8921065,3.5892081,3667.0208,5804.6387,9997.71,561.7876
104,71,5478.6445,2365.2832,3.8921065,3.5892074,3666.8098,5804.0493,9997.488,561.78033
104,72,5477.5767,2365.5796,3.8921065,3.5892067,3666.6113,5803.4966,9997.28,561.77356
104,73,5476.5693,2365.859,3.8921065,3.589206,3666.4243,5802.979,9997.087,561.76715
104,74,5475.622,2366.1223,3.8921065,3.5892053,3666.2485,5802.494,9996.907,561.76117
104,75,5474.7305,2366.3706,3.8921065,3.5892045,3666.083,5802.0386,9996.739,561.7555
104,76,5473.89,2366.604,3.8921065,3.589204,3665.9272,5801.6123,9996.582,561.75024
104,77,5473.1006,2366.8235,3.8921065,3.5892034,3665.7805,5801.2124,9996.436,561.74524
104,78,5472.356,2367.0315,3.8921065,3.589203,3665.6428,5800.8374,9996.299,561.7406
104,79,5471.6562,2367.226,3.8921065,3.5892024,3665.5132,5800.4854,9996.171,561.7362
104,80,5470.9976,2367.4094,3.8921065,3.589202,3665.3909,5800.155,9996.051,561.7321
104,81,5470.3784,2367.5828,3.8921065,3.5892015,3665.2761,5799.8457,9995.939,561.7283
104,82,5469.795,2367.745,3.8921065,3.589201,3665.1685,5799.555,9995.835,561.7247
104,83,5469.2466,2367.8977,3.8921065,3.5892005,3665.0664,5799.2827,9995.737,561.72125
104,84,5468.73,2368.0417,3.8921065,3.5892,3664.971,5799.028,9995.646,561.7181
104,85,5468.245,2368.1777,3.8921065,3.5891998,3664.8813,5798.7876,9995.562,561.715
104,86,5467.788,2368.3052,3.8921065,3.5891993,3664.7966,5798.563,9995.481,561.7123
104,87,5467.3584,2368.4255,3.8921065,3.589199,3664.7173,5798.352,9995.407,561.7096
104,88,5466.9556,2368.5388,3.8921065,3.5891988,3664.6426,5798.1543,9995.337,561.7071
104,89,5466.575,2368.6438,3.8921065,3.5891984,3664.5725,5797.9683,9995.272,561.7048
104,90,5466.2188,2368.7446,3.8921065,3.589198,3664.5063,5797.794,9995.211,561.7026
104,91,5465.8823,2368.838,3.8921065,3.5891979,3664.4443,5797.631,9995.154,561.70056
104,92,5465.5674,2368.9265,3.8921063,3.5891976,3664.3857,5797.4775,9995.101,561.6986
104,93,5465.2705,2369.0095,3.8921063,3.5891974,3664.331,5797.3335,9995.051,561.6968
104,94,5464.9907,2369.088,3.8921063,3.5891972,3664.2793,5797.198,9995.004,561.69507
104,95,5464.728,2369.161,3.8921063,3.589197,3664.231,5797.0713,9994.96,561.6935
104,96,5464.482,2369.2307,3.8921063,3.5891967,3664.1853,5796.952,9994.919,561.692
104,97,5464.25,2369.2954,3.8921063,3.5891967,3664.1423,5796.841,9994.881,561.6906
104,98,5464.0317,2369.3564,3.8921063,3.5891964,3664.1023,5796.7354,9994.845,561.6893
104,99,5463.827,2369.4136,3.8921063,3.5891962,3664.0645,5796.637,9994.811,561.688
104,100,5463.635,2369.4673,3.8921063,3.5891962,3664.0288,5796.545,9994.779,561.6868
105,1,6421.3657,892.40045,3.905723,3.564835,4060.584,8092.8726,10136.578,573.5779
105,2,7160.7617,1113.7136,3.911134,3.564167,3870.3535,8141.4844,10266.65,573.1722
105,3,7343.983,1320.7412,3.9137743,3.5651693,3798.755,8025.1504,10437.573,572.2811
105,4,7308.1763,1466.4263,3.9149833,3.5664835,3779.855,7835.551,10530.858,570.47833
105,5,7189.1743,1557.285,3.915498,3.567735,3780.466,7628.6294,10551.841,568.2468
105,6,7039.8916,1609.412,3.915684,3.568831,3785.7893,7429.329,10530.289,565.9717
105,7,6881.769,1636.6418,3.9157164,3.5697565,3790.0398,7247.245,10490.391,563.85065
105,8,6724.562,1648.8196,3.915678,3.5705225,3791.5996,7085.234,10446.632,561.9607
105,9,6573.4077,1652.4464,3.915609,3.5711477,3790.5806,6943.2197,10406.237,560.31696
105,10,6431.2544,1651.6227,3.9155283,3.5716536,3787.6516,6819.8564,10372.072,558.90674
105,11,6299.7393,1648.8214,3.9154458,3.5720613,3783.532,6713.2847,10344.694,557.70636
105,12,6179.595,1645.4584,3.9153666,3.5723891,3778.808,6621.518,10323.584,556.68964
105,13,6070.9053,1642.2856,3.9152927,3.5726523,3773.8992,6542.63,10307.825,555.8311
105,14,5973.3125,1639.6549,3.9152255,3.5728645,3769.0793,6474.8486,10296.427,555.1075
105,15,5886.18,1637.688,3.9151647,3.5730357,3764.512,6416.597,10288.485,554.4984
105,16,5808.7114,1636.3811,3.9151103,3.5731745,3760.2842,6366.4966,10283.235,553.98596
105,17,5740.046,1635.6692,3.9150622,3.5732872,3756.4336,6323.3584,10280.049,553.5551
105,18,5679.3115,1635.4629,3.9150198,3.5733795,3752.965,6286.1665,10278.432,553.19275
105,19,5625.673,1635.6659,3.914982,3.5734549,3749.8655,6254.0547,10277.993,552.88806
105,20,5578.3467,1636.1893,3.9149492,3.5735173,3747.1118,6226.288,10278.43,552.63184
105,21,5536.6143,1636.9535,3.91492,3.5735688,3744.6753,6202.243,10279.506,552.4163
105,22,5499.8213,1637.8914,3.9148943,3.5736115,3742.5256,6181.3916,10281.043,552.2349
105,23,5467.388,1638.9458,3.914872,3.5736473,3740.6335,6163.28,10282.896,552.0823
105,24,5438.7925,1640.0718,3.9148521,3.5736773,3738.9707,6147.529,10284.963,551.95374
105,25,5413.576,1641.2335,3.9148347,3.5737023,3737.5105,6133.8125,10287.154,551.84546
105,26,5391.331,1642.403,3.9148192,3.5737238,3736.2295,6121.852,10289.408,551.7543
105,27,5371.699,1643.5576,3.9148057,3.5737417,3735.106,6111.409,10291.673,551.67737
105,28,5354.3677,1644.682,3.9147935,3.573757,3734.1206,6102.28,10293.912,551.61255
105,29,5339.0605,1645.7646,3.914783,3.57377,3733.2563,6094.2905,10296.099,551.55786
105,30,5325.527,1646.7976,3.9147735,3.5737813,3732.4976,6087.2905,10298.212,551.5118
105,31,5313.5625,1647.7754,3.9147651,3.5737908,3731.832,6081.1514,10300.236,551.47284
105,32,5302.9766,1648.6952,3.9147575,3.5737991,3731.247,6075.76,10302.162,551.44
105,33,5293.6045,1649.5553,3.9147508,3.5738063,3730.733,6071.0205,10303.983,551.4123
105,34,5285.304,1650.3569,3.9147449,3.5738125,3730.2805,6066.8506,10305.697,551.38885
105,35,5277.9478,1651.1008,3.9147396,3.5738177,3729.882,6063.1777,10307.304,551.3691
105,36,5271.4224,1651.788,3.9147348,3.5738225,3729.5308,6059.939,10308.803,551.35236
105,37,5265.6343,1652.4215,3.9147308,3.5738266,3729.2207,6057.0815,10310.197,551.3382
105,38,5260.493,1653.0042,3.914727,3.5738301,3728.947,6054.558,10311.49,551.32623
105,39,5255.9263,1653.539,3.9147236,3.5738332,3728.7048,6052.326,10312.686,551.3161
105,40,5251.868,1654.0283,3.9147205,3.573836,3728.4905,6050.352,10313.79,551.30756
105,41,5248.259,1654.4756,3.9147177,3.5738385,3728.3005,6048.604,10314.805,551.30035
105,42,5245.0474,1654.884,3.9147153,3.5738406,3728.1318,6047.055,10315.738,551.2942
105,43,5242.1875,1655.2559,3.9147131,3.5738425,3727.9824,6045.681,10316.595,551.289
105,44,5239.6406,1655.5946,3.9147112,3.5738442,3727.849,6044.4614,10317.378,551.28455
105,45,5237.37,1655.9026,3.9147093,3.5738456,3727.7305,6043.3794,10318.096,551.2808
105,46,5235.3447,1656.1826,3.914708,3.5738468,3727.625,6042.416,10318.75,551.27765
105,47,5233.54,1656.4365,3.9147065,3.573848,3727.5305,6041.56,10319.347,551.27496
105,48,5231.9263,1656.6666,3.914705,3.5738492,3727.4465,6040.7983,10319.892,551.2727
105,49,5230.4873,1656.8752,3.9147038,3.5738502,3727.3716,6040.12,10320.386,551.27075
105,50,5229.2036,1657.0638,3.914703,3.5738509,3727.3044,6039.5166,10320.836,551.2691
105,51,5228.054,1657.2346,3.914702,3.5738516,3727.2444,6038.9775,10321.246,551.2677
105,52,5227.0264,1657.3899,3.9147012,3.5738523,3727.1907,6038.4976,10321.617,551.26654
105,53,5226.1084,1657.5297,3.9147005,3.5738528,3727.1423,6038.0684,10321.953,551.2655
105,54,5225.2856,1657.6561,3.9146998,3.5738535,3727.099,6037.6865,10322.259,551.26465
105,55,5224.55,1657.7703,3.914699,3.573854,3727.0603,6037.3447,10322.536,551.2639
105,56,5223.8916,1657.8735,3.9146986,3.5738542,3727.0254,6037.0396,10322.786,551.2633
105,57,5223.3027,1657.967,3.9146981,3.5738547,3726.9941,6036.7666,10323.013,551.26276
105,58,5222.773,1658.0509,3.9146976,3.5738552,3726.966,6036.5225,10323.218,551.2623
105,59,5222.3003,1658.1262,3.9146972,3.5738554,3726.9412,6036.3047,10323.402,551.2619
105,60,5221.8765,1658.1951,3.914697,3.5738556,3726.9185,6036.1094,10323.569,551.26154
105,61,5221.495,1658.2568,3.9146965,3.5738559,3726.898,6035.9346,10323.721,551.2613
105,62,5221.1543,1658.3127,3.9146962,3.573856,3726.8796,6035.7783,10323.858,551.26105
105,63,5220.8477,1658.3628,3.914696,3.5738564,3726.863,6035.638,10323.981,551.26086
105,64,5220.5737,1658.4082,3.9146957,3.5738566,3726.8484,6035.5127,10324.093,551.2607
105,65,5220.326,1658.449,3.9146955,3.5738566,3726.835,6035.4004,10324.192,551.2605
105,66,5220.1055,1658.4857,3.9146953,3.5738568,3726.823,6035.299,10324.283,551.2604
105,67,5219.9067,1658.5189,3.914695,3.573857,3726.812,6035.209,10324.365,551.26025
105,68,5219.7295,1658.549,3.914695,3.573857,3726.8022,6035.128,10324.438,551.2602
105,69,5219.568,1658.5754,3.9146948,3.5738573,3726.7935,6035.055,10324.505,551.26013
105,70,5219.4243,1658.5999,3.9146948,3.5738573,3726.7854,6034.99,10324.565,551.26
105,71,5219.294,1658.6217,3.9146945,3.5738573,3726.7783,6034.9316,10324.619,551.25995
105,72,5219.1777,1658.6416,3.9146945,3.5738575,3726.772,6034.8794,10324.668,551.25995
105,73,5219.074,1658.6589,3.9146943,3.5738575,3726.7664,6034.8325,10324.712,551.2599
105,74,5218.9814,1658.6752,3.9146943,3.5738575,3726.7607,6034.79,10324.751,551.2598
105,75,5218.8965,1658.6897,3.9146943,3.5738578,3726.756,6034.7524,10324.786,551.2598
105,76,5218.821,1658.7026,3.914694,3.5738578,3726.752,6034.7183,10324.818,551.25977
105,77,5218.752,1658.7141,3.914694,3.5738578,3726.748,6034.6875,10324.848,551.25977
105,78,5218.69,1658.725,3.914694,3.5738578,3726.7444,6034.66,10324.873,551.25977
105,79,5218.636,1658.7343,3.914694,3.573858,3726.7415,6034.6357,10324.896,551.2597
105,80,5218.587,1658.7429,3.9146938,3.573858,3726.7385,6034.614,10324.918,551.2597
105,81,5218.541,1658.7501,3.9146938,3.573858,3726.7363,6034.5933,10324.937,551.2597
105,82,5218.5005,1658.7573,3.9146938,3.573858,3726.734,6034.5757,10324.953,551.2597
105,83,5218.4653,1658.7633,3.9146938,3.573858,3726.7317,6034.5596,10324.969,551.2597
105,84,5218.4326,1658.7689,3.9146938,3.573858,3726.73,6034.5454,10324.982,551.25964
105,85,5218.4043,1658.7738,3.9146938,3.573858,3726.7283,6034.5327,10324.995,551.25964
105,86,5218.379,1658.7787,3.9146938,3.573858,3726.7266,6034.521,10325.006,551.25964
105,87,5218.3535,1658.7828,3.9146938,3.573858,3726.7253,6034.5103,10325.017,551.25964
105,88,5218.3325,1658.7861,3.9146936,3.573858,3726.724,6034.501,10325.025,551.25964
105,89,5218.314,1658.7897,3.9146936,3.5738583,3726.723,6034.492,10325.032,551.25964
105,90,5218.296,1658.7928,3.9146936,3.5738583,3726.722,6034.4844,10325.04,551.25964
105,91,5218.2812,1658.7955,3.9146936,3.5738583,3726.7214,6034.478,10325.048,551.25964
105,92,5218.267,1658.7979,3.9146936,3.5738583,3726.7205,6034.4717,10325.053,551.25964
105,93,5218.255,1658.7997,3.9146936,3.5738583,3726.7197,6034.466,10325.058,551.25964
105,94,5218.2437,1658.8021,3.9146936,3.5738583,3726.719,6034.461,10325.0625,551.25964
105,95,5218.233,1658.8037,3.9146936,3.5738583,3726.7185,6034.4565,10325.067,551.25964
105,96,5218.2236,1658.8054,3.9146936,3.5738583,3726.7178,6034.4526,10325.071,551.25964
105,97,5218.2173,1658.8069,3.9146936,3.5738583,3726.7173,6034.449,10325.075,551.25964
105,98,5218.2095,1658.8085,3.9146936,3.5738583,3726.717,6034.446,10325.078,551.25964
105,99,5218.202,1658.8092,3.9146936,3.5738583,3726.7163,6034.443,10325.081,551.25964
105,100,5218.1963,1658.8102,3.9146936,3.5738583,3726.716,6034.441,10325.083,551.25964
106,1,5500.0337,1322.4949,3.9012558,3.5636795,3816.4668,7981.498,10562.944,558.1463
106,2,6094.6875,1908.1407,3.9050775,3.5657423,3605.176,7789.9395,10850.758,559.93634
106,3,6291.3926,2277.13,3.9066005,3.5693955,3543.3545,7457.4463,11040.481,563.21716
106,4,6312.8843,2462.3833,3.906866,3.5726774,3538.3518,7109.1597,11126.045,564.9169
106,5,6263.171,2532.2258,3.9066105,3.5752912,3552.2383,6795.362,11142.791,565.40314
106,6,6181.3027,2536.841,3.906184,3.5772977,3569.014,6528.0483,11118.008,565.19977
106,7,6083.985,2507.6162,3.9057305,3.5788217,3583.0945,6304.9224,11069.98,564.6372
106,8,5980.7085,2462.8572,3.9053028,3.579981,3593.3518,6119.7104,11010.7,563.9064
106,9,5877.716,2412.7441,3.9049172,3.580871,3600.2139,5965.9116,10947.738,563.1176
106,10,5779.0713,2362.6665,3.904576,3.581563,3604.459,5837.8867,10885.571,562.3347
106,11,5687.163,2315.2861,3.9042764,3.5821095,3606.8066,5731.001,10826.605,561.59326
106,12,5603.153,2271.7368,3.904014,3.5825484,3607.819,5641.497,10771.934,560.9116
106,13,5527.3623,2232.329,3.9037843,3.5829072,3607.9092,5566.333,10721.868,560.29767
106,14,5459.587,2196.946,3.9035828,3.5832057,3607.3728,5503.033,10676.296,559.7528
106,15,5399.3267,2165.2722,3.9034057,3.5834582,3606.4211,5449.5786,10634.8955,559.27466
106,16,5345.928,2136.9143,3.90325,3.5836747,3605.204,5404.3135,10597.266,558.85895
106,17,5298.6943,2111.4722,3.9031124,3.583863,3603.8298,5365.883,10562.999,558.50024
106,18,5256.9272,2088.5713,3.9029908,3.584029,3602.375,5333.171,10531.714,558.1929
106,19,5219.9775,2067.875,3.9028828,3.5841763,3600.8948,5305.256,10503.07,557.931
106,20,5187.248,2049.092,3.9027865,3.5843084,3599.4287,5281.378,10476.773,557.70935
106,21,5158.202,2031.972,3.9027007,3.5844274,3598.004,5260.907,10452.568,557.5229
106,22,5132.367,2016.3036,3.9026237,3.5845356,3596.6394,5243.318,10430.237,557.367
106,23,5109.3306,2001.9077,3.9025545,3.5846343,3595.348,5228.1733,10409.595,557.2377
106,24,5088.7324,1988.6334,3.902492,3.5847247,3594.137,5215.1074,10390.479,557.1312
106,25,5070.2603,1976.3523,3.9024355,3.5848076,3593.011,5203.8154,10372.751,557.04443
106,26,5053.6455,1964.957,3.9023843,3.584884,3591.9717,5194.037,10356.289,556.9745
106,27,5038.6567,1954.3546,3.9023373,3.5849545,3591.0188,5185.5557,10340.985,556.919
106,28,5025.0938,1944.4668,3.9022946,3.5850198,3590.1501,5178.186,10326.744,556.87585
106,29,5012.783,1935.2257,3.9022553,3.5850801,3589.3638,5171.7744,10313.48,556.84314
106,30,5001.579,1926.5726,3.9022193,3.5851362,3588.6553,5166.1875,10301.117,556.8193
106,31,4991.348,1918.4556,3.902186,3.5851882,3588.0215,5161.31,10289.584,556.80286
106,32,4981.985,1910.8287,3.9021552,3.5852365,3587.4578,5157.0474,10278.818,556.7927
106,33,4973.387,1903.6544,3.9021266,3.5852816,3586.9597,5153.3184,10268.763,556.78784
106,34,4965.4756,1896.8959,3.9021,3.5853236,3586.5234,5150.051,10259.362,556.78735
106,35,4958.1772,1890.5212,3.9020753,3.5853627,3586.1436,5147.182,10250.57,556.79047
106,36,4951.427,1884.503,3.9020522,3.5853992,3585.817,5144.6646,10242.344,556.79663
106,37,4945.1724,1878.8152,3.9020305,3.5854332,3585.5386,5142.4487,10234.641,556.8051
106,38,4939.3633,1873.4357,3.9020102,3.585465,3585.305,5140.498,10227.423,556.8157
106,39,4933.952,1868.3425,3.9019911,3.5854948,3585.1118,5138.7783,10220.658,556.8277
106,40,4928.908,1863.5175,3.9019732,3.5855224,3584.956,5137.2593,10214.312,556.84094
106,41,4924.196,1858.9429,3.9019563,3.5855484,3584.8337,5135.9175,10208.356,556.85516
106,42,4919.784,1854.6025,3.9019403,3.5855727,3584.742,5134.729,10202.765,556.87006
106,43,4915.6514,1850.4822,3.9019253,3.5855954,3584.678,5133.6772,10197.511,556.8854
106,44,4911.766,1846.5686,3.9019113,3.5856168,3584.639,5132.743,10192.574,556.901
106,45,4908.116,1842.8495,3.901898,3.5856369,3584.622,5131.9126,10187.932,556.9168
106,46,4904.679,1839.3131,3.901885,3.5856555,3584.625,5131.174,10183.564,556.9326
106,47,4901.4365,1835.9487,3.9018729,3.585673,3584.6455,5130.514,10179.453,556.94836
106,48,4898.378,1832.7474,3.9018614,3.5856895,3584.6821,5129.927,10175.582,556.9639
106,49,4895.4854,1829.6985,3.9018507,3.585705,3584.7322,5129.4,10171.936,556.97925
106,50,4892.7495,1826.7948,3.9018404,3.5857196,3584.7944,5128.9277,10168.499,556.9944
106,51,4890.1587,1824.0292,3.9018304,3.5857332,3584.8674,5128.504,10165.259,557.0091
106,52,4887.7056,1821.3922,3.9018211,3.5857458,3584.9495,5128.1216,10162.202,557.0235
106,53,4885.374,1818.8782,3.9018123,3.585758,3585.0396,5127.7773,10159.317,557.03754
106,54,4883.1646,1816.4802,3.9018037,3.5857692,3585.1362,5127.4653,10156.595,557.0511
106,55,4881.0615,1814.1929,3.9017959,3.58578,3585.2385,5127.1826,10154.024,557.06433
106,56,4879.0645,1812.0106,3.901788,3.58579,3585.3457,5126.9253,10151.596,557.0771
106,57,4877.1655,1809.9275,3.9017808,3.5857992,3585.4568,5126.691,10149.302,557.0894
106,58,4875.3555,1807.9386,3.9017737,3.5858083,3585.5708,5126.477,10147.132,557.1013
106,59,4873.633,1806.0398,3.901767,3.5858166,3585.6873,5126.28,10145.081,557.1128
106,60,4871.9897,1804.2262,3.9017608,3.5858245,3585.8052,5126.0986,10143.142,557.12384
106,61,4870.4243,1802.4934,3.9017546,3.5858319,3585.9246,5125.932,10141.308,557.13446
106,62,4868.9316,1800.8383,3.901749,3.5858388,3586.0447,5125.7773,10139.57,557.1447
106,63,4867.507,1799.2563,3.9017434,3.5858452,3586.1648,5125.6343,10137.927,557.15454
106,64,4866.147,1797.7454,3.9017382,3.5858514,3586.285,5125.501,10136.368,557.16394
106,65,4864.8477,1796.3,3.9017332,3.5858574,3586.4045,5125.3755,10134.895,557.173
106,66,4863.6064,1794.9187,3.9017284,3.5858629,3586.5232,5125.2593,10133.497,557.18164
106,67,4862.4224,1793.5978,3.9017236,3.5858681,3586.6406,5125.15,10132.174,557.18994
106,68,4861.288,1792.3354,3.9017193,3.585873,3586.7568,5125.047,10130.918,557.1979
106,69,4860.2065,1791.1273,3.901715,3.5858777,3586.8713,5124.9487,10129.729,557.20544
106,70,4859.1704,1789.9725,3.901711,3.585882,3586.9844,5124.8564,10128.6,557.21277
106,71,4858.179,1788.8678,3.9017072,3.585886,3587.0955,5124.769,10127.529,557.2197
106,72,4857.2324,1787.8108,3.9017036,3.58589,3587.2043,5124.687,10126.515,557.2264
106,73,4856.326,1786.8,3.9017,3.5858936,3587.3113,5124.6064,10125.551,557.2328
106,74,4855.4585,1785.8324,3.9016967,3.5858972,3587.4155,5124.5312,10124.636,557.2389
106,75,4854.63,1784.9073,3.9016936,3.5859005,3587.518,5124.4585,10123.768,557.2447
106,76,4853.8354,1784.0219,3.9016905,3.5859036,3587.618,5124.389,10122.944,557.25024
106,77,4853.0747,1783.1741,3.9016876,3.5859065,3587.7156,5124.323,10122.161,557.25555
106,78,4852.347,1782.3632,3.9016848,3.5859094,3587.811,5124.2593,10121.417,557.2607
106,79,4851.6504,1781.5873,3.9016821,3.585912,3587.9036,5124.1973,10120.711,557.2655
106,80,4850.9834,1780.8441,3.9016795,3.5859144,3587.994,5124.1396,10120.04,557.2702
106,81,4850.3438,1780.1332,3.9016771,3.5859168,3588.0815,5124.082,10119.401,557.2746
106,82,4849.7314,1779.4531,3.9016747,3.585919,3588.167,5124.0264,10118.795,557.2788
106,83,4849.145,1778.8015,3.9016726,3.585921,3588.25,5123.9746,10118.219,557.28284
106,84,4848.584,1778.1779,3.9016705,3.585923,3588.3306,5123.9233,10117.671,557.28674
106,85,4848.0474,1777.5808,3.9016683,3.5859249,3588.4087,5123.8745,10117.149,557.2904
106,86,4847.5303,1777.0092,3.9016664,3.5859268,3588.4844,5123.8267,10116.653,557.29395
106,87,4847.038,1776.4625,3.9016645,3.5859284,3588.558,5123.781,10116.182,557.2973
106,88,4846.5654,1775.9388,3.9016626,3.58593,3588.6292,5123.736,10115.733,557.3005
106,89,4846.1113,1775.4373,3.901661,3.5859315,3588.698,5123.693,10115.307,557.3035
106,90,4845.6787,1774.9572,3.9016593,3.585933,3588.765,5123.6514,10114.9,557.3065
106,91,4845.2637,1774.4976,3.9016578,3.5859344,3588.8296,5123.6113,10114.514,557.30927
106,92,4844.8657,1774.0573,3.9016562,3.5859356,3588.8918,5123.5728,10114.145,557.31195
106,93,4844.4834,1773.636,3.9016547,3.5859368,3588.9521,5123.534,10113.795,557.3145
106,94,4844.118,1773.2325,3.9016533,3.585938,3589.0103,5123.4985,10113.461,557.31696
106,95,4843.769,1772.8464,3.901652,3.5859392,3589.0667,5123.463,10113.143,557.3193
106,96,4843.432,1772.4767,3.901651,3.5859401,3589.121,5123.429,10112.84,557.3215
106,97,4843.1104,1772.1224,3.9016497,3.5859413,3589.1738,5123.396,10112.552,557.32355
106,98,4842.803,1771.7833,3.9016485,3.5859423,3589.2246,5123.3643,10112.277,557.32556
106,99,4842.5073,1771.4584,3.9016473,3.585943,3589.2734,5123.333,10112.015,557.3275
106,100,4842.2256,1771.1473,3.9016464,3.585944,3589.3208,5123.303,10111.766,557.32935
107,1,5110.2563,1600.4486,3.8984687,3.5796516,4230.8755,5475.9233,11245.415,581.0219
107,2,5295.2754,1505.8317,3.8980849,3.583692,3960.6348,4740.597,11085.388,574.26953
107,3,5196.8643,1384.3951,3.8967285,3.5860279,3795.3274,4611.973,10718.396,567.1292
107,4,5025.432,1337.4574,3.895393,3.5874412,3709.1506,4638.6885,10395.371,561.7291
107,5,4877.2188,1332.5487,3.8943512,3.5883424,3667.903,4687.3125,10155.853,558.1297
107,6,4774.736,1341.2393,3.8936126,3.5889463,3650.46,4726.685,9987.361,555.8518
107,7,4712.1943,1351.0673,3.8931134,3.5893655,3645.205,4753.657,9870.895,554.42883
107,8,4677.5786,1358.4557,3.8927848,3.5896635,3645.8677,4771.128,9790.728,553.5305
107,9,4660.318,1363.2523,3.892572,3.5898783,3649.0857,4782.22,9735.444,552.9489
107,10,4652.948,1366.1875,3.892435,3.590035,3653.0984,4789.1797,9697.13,552.55963
107,11,4650.77,1367.976,3.892347,3.5901494,3657.034,4793.4634,9670.398,552.2899
107,12,4651.046,1369.1077,3.8922904,3.5902336,3660.5112,4796.004,9651.604,552.09717
107,13,4652.2925,1369.8706,3.8922539,3.5902953,3663.4092,4797.4067,9638.285,551.95593
107,14,4653.7705,1370.4211,3.89223,3.5903406,3665.7368,4798.077,9628.771,551.85065
107,15,4655.1455,1370.8397,3.8922145,3.5903738,3667.5608,4798.29,9621.926,551.7713
107,16,4656.298,1371.1677,3.8922043,3.590398,3668.965,4798.2314,9616.969,551.71106
107,17,4657.2104,1371.4272,3.8921974,3.5904157,3670.0334,4798.0244,9613.355,551.6653
107,18,4657.907,1371.6333,3.8921926,3.5904286,3670.8384,4797.75,9610.71,551.6305
107,19,4658.429,1371.7958,3.8921895,3.590438,3671.4414,4797.458,9608.765,551.60406
107,20,4658.811,1371.9221,3.8921874,3.5904446,3671.891,4797.1772,9607.33,551.584
107,21,4659.089,1372.0206,3.892186,3.5904493,3672.2253,4796.924,9606.27,551.56885
107,22,4659.288,1372.096,3.892185,3.590453,3672.4731,4796.7026,9605.484,551.55743
107,23,4659.431,1372.153,3.8921843,3.5904553,3672.6567,4796.515,9604.902,551.5489
107,24,4659.532,1372.1963,3.8921838,3.5904572,3672.7922,4796.362,9604.471,551.5424
107,25,4659.6035,1372.2294,3.8921833,3.5904584,3672.8928,4796.2354,9604.15,551.5376
107,26,4659.654,1372.2538,3.892183,3.5904593,3672.9673,4796.1343,9603.913,551.534
107,27,4659.689,1372.2717,3.892183,3.5904598,3673.0222,4796.053,9603.736,551.5313
107,28,4659.714,1372.2852,3.8921828,3.5904603,3673.063,4795.9893,9603.605,551.5293
107,29,4659.7295,1372.295,3.8921828,3.5904608,3673.0928,4795.9395,9603.509,551.5278
107,30,4659.741,1372.3021,3.8921828,3.590461,3673.115,4795.9014,9603.4375,551.5267
107,31,4659.749,1372.3074,3.8921826,3.5904613,3673.1313,4795.871,9603.384,551.5259
107,32,4659.755,1372.3113,3.8921826,3.5904613,3673.1436,4795.8477,9603.346,551.52527
107,33,4659.759,1372.3146,3.8921826,3.5904613,3673.1526,4795.83,9603.316,551.5248
107,34,4659.7617,1372.3165,3.8921826,3.5904615,3673.1592,4795.817,9603.295,551.5245
107,35,4659.763,1372.3179,3.8921826,3.5904615,3673.164,4795.8066,9603.278,551.52423
107,36,4659.7637,1372.3192,3.8921826,3.5904615,3673.1677,4795.799,9603.268,551.52405
107,37,4659.7646,1372.3198,3.8921826,3.5904615,3673.1704,4795.7925,9603.259,551.5239
107,38,4659.765,1372.3204,3.8921826,3.5904615,3673.172,4795.788,9603.253,551.5238
107,39,4659.7656,1372.3203,3.8921826,3.5904615,3673.1738,4795.785,9603.247,551.52374
107,40,4659.7656,1372.321,3.8921826,3.5904615,3673.1748,4795.782,9603.244,551.5237
107,41,4659.766,1372.3213,3.8921826,3.5904615,3673.1755,4795.781,9603.242,551.5236
107,42,4659.766,1372.3217,3.8921826,3.5904615,3673.1763,4795.779,9603.24,551.5236
107,43,4659.766,1372.3215,3.8921826,3.5904615,3673.1765,4795.7783,9603.239,551.52356
107,44,4659.766,1372.3214,3.8921826,3.5904615,3673.177,4795.7773,9603.237,551.52356
107,45,4659.7656,1372.3215,3.8921826,3.5904615,3673.177,4795.7764,9603.237,551.52356
107,46,4659.766,1372.3217,3.8921826,3.5904615,3673.1772,4795.776,9603.236,551.52356
107,47,4659.766,1372.3215,3.8921826,3.5904615,3673.1772,4795.776,9603.236,551.52356
107,48,4659.766,1372.3218,3.8921826,3.5904615,3673.1772,4795.7754,9603.236,551.5235
107,49,4659.766,1372.3218,3.8921826,3.5904615,3673.1772,4795.7754,9603.236,551.5235
107,50,4659.766,1372.3217,3.8921826,3.5904615,3673.1775,4795.775,9603.236,551.5235
107,51,4659.766,1372.3217,3.8921826,3.5904615,3673.1775,4795.775,9603.236,551.5235
107,52,4659.766,1372.3215,3.8921826,3.5904615,3673.1775,4795.775,9603.236,551.5235
107,53,4659.766,1372.3217,3.8921826,3.5904615,3673.1775,4795.7744,9603.236,551.5235
107,54,4659.766,1372.3217,3.8921826,3.5904615,3673.1775,4795.775,9603.236,551.5235
107,55,4659.766,1372.3217,3.8921826,3.5904615,3673.1775,4795.775,9603.236,551.5235
107,56,4659.766,1372.3217,3.8921826,3.5904615,3673.1775,4795.7744,9603.236,551.5235
107,57,4659.766,1372.3217,3.8921826,3.5904615,3673.1775,4795.7744,9603.236,551.5235
107,58,4659.766,1372.3217,3.8921826,3.5904615,3673.1775,4795.7744,9603.236,551.5235
107,59,4659.766,1372.3217,3.8921826,3.5904615,3673.1775,4795.7744,9603.236,551.5235
107,60,4659.766,1372.3217,3.8921826,3.5904615,3673.1775,4795.7744,9603.236,551.5235
107,61,4659.766,1372.3217,3.8921826,3.5904615,3673.1775,4795.7744,9603.236,551.5235
107,62,4659.766,1372.3217,3.8921826,3.5904615,3673.1775,4795.7744,9603.236,551.5235
107,63,4659.766,1372.3217,3.8921826,3.5904615,3673.1775,4795.7744,9603.236,551.5235
107,64,4659.766,1372.3217,3.8921826,3.5904615,3673.1775,4795.7744,9603.236,551.5235
107,65,4659.766,1372.3217,3.8921826,3.5904615,3673.1775,4795.7744,9603.236,551.5235
107,66,4659.766,1372.3217,3.8921826,3.5904615,3673.1775,4795.7744,9603.236,551.5235
107,67,4659.766,1372.3217,3.8921826,3.5904615,3673.1775,4795.7744,9603.236,551.5235
107,68,4659.766,1372.3217,3.8921826,3.5904615,3673.1775,4795.7744,9603.236,551.5235
107,69,4659.766,1372.3217,3.8921826,3.5904615,3673.1775,4795.7744,9603.236,551.5235
107,70,4659.766,1372.3217,3.8921826,3.5904615,3673.1775,4795.7744,9603.236,551.5235
107,71,4659.766,1372.3217,3.8921826,3.5904615,3673.1775,4795.7744,9603.236,551.5235
107,72,4659.766,1372.3217,3.8921826,3.5904615,3673.1775,4795.7744,9603.236,551.5235
107,73,4659.766,1372.3217,3.8921826,3.5904615,3673.1775,4795.7744,9603.236,551.5235
107,74,4659.766,1372.3217,3.8921826,3.5904615,3673.1775,4795.7744,9603.236,551.5235
107,75,4659.766,1372.3217,3.8921826,3.5904615,3673.1775,4795.7744,9603.236,551.5235
107,76,4659.766,1372.3217,3.8921826,3.5904615,3673.1775,4795.7744,9603.236,551.5235
107,77,4659.766,1372.3217,3.8921826,3.5904615,3673.1775,4795.7744,9603.236,551.5235
107,78,4659.766,1372.3217,3.8921826,3.5904615,3673.1775,4795.7744,9603.236,551.5235
107,79,4659.766,1372.3217,3.8921826,3.5904615,3673.1775,4795.7744,9603.236,551.5235
107,80,4659.766,1372.3217,3.8921826,3.5904615,3673.1775,4795.7744,9603.236,551.5235
107,81,4659.766,1372.3217,3.8921826,3.5904615,3673.1775,4795.7744,9603.236,551.5235
107,82,4659.766,1372.3217,3.8921826,3.5904615,3673.1775,4795.7744,9603.236,551.5235
107,83,4659.766,1372.3217,3.8921826,3.5904615,3673.1775,4795.7744,9603.236,551.5235
107,84,4659.766,1372.3217,3.8921826,3.5904615,3673.1775,4795.7744,9603.236,551.5235
107,85,4659.766,1372.3217,3.8921826,3.5904615,3673.1775,4795.7744,9603.236,551.5235
107,86,4659.766,1372.3217,3.8921826,3.5904615,3673.1775,4795.7744,9603.236,551.5235
107,87,4659.766,1372.3217,3.8921826,3.5904615,3673.1775,4795.7744,9603.236,551.5235
107,88,4659.766,1372.3217,3.8921826,3.5904615,3673.1775,4795.7744,9603.236,551.5235
107,89,4659.766,1372.3217,3.8921826,3.5904615,3673.1775,4795.7744,9603.236,551.5235
107,90,4659.766,1372.3217,3.8921826,3.5904615,3673.1775,4795.7744,9603.236,551.5235
107,91,4659.766,1372.3217,3.8921826,3.5904615,3673.1775,4795.7744,9603.236,551.5235
107,92,4659.766,1372.3217,3.8921826,3.5904615,3673.1775,4795.7744,9603.236,551.5235
107,93,4659.766,1372.3217,3.8921826,3.5904615,3673.1775,4795.7744,9603.236,551.5235
107,94,4659.766,1372.3217,3.8921826,3.5904615,3673.1775,4795.7744,9603.236,551.5235
107,95,4659.766,1372.3217,3.8921826,3.5904615,3673.1775,4795.7744,9603.236,551.5235
107,96,4659.766,1372.3217,3.8921826,3.5904615,3673.1775,4795.7744,9603.236,551.5235
107,97,4659.766,1372.3217,3.8921826,3.5904615,3673.1775,4795.7744,9603.236,551.5235
107,98,4659.766,1372.3217,3.8921826,3.5904615,3673.1775,4795.7744,9603.236,551.5235
107,99,4659.766,1372.3217,3.8921826,3.5904615,3673.1775,4795.7744,9603.236,551.5235
107,100,4659.766,1372.3217,3.8921826,3.5904615,3673.1775,4795.7744,9603.236,551.5235
108,1,4145.538,961.562,3.902363,3.569864,3768.7256,8115.5225,10733.806,567.75287
108,2,4108.9067,1260.473,3.9051473,3.571294,3658.636,7456.4478,10839.691,564.91815
108,3,4186.47,1511.1241,3.905905,3.5732107,3689.6768,6766.12,10782.391,562.6658
108,4,4289.0903,1666.7762,3.905837,3.574994,3742.4407,6235.309,10642.843,560.33124
108,5,4383.074,1748.5753,3.9055228,3.576514,3787.192,5863.086,10478.736,558.1404
108,6,4457.704,1784.3586,3.905193,3.5777617,3818.8071,5608.134,10319.655,556.2316
108,7,4511.829,1794.4341,3.9049213,3.5787635,3838.7786,5432.0005,10178.041,554.63104
108,8,4548.26,1791.2913,3.9047177,3.579557,3849.9905,5307.2983,10057.503,553.313
108,9,4571.0195,1782.0105,3.904573,3.5801792,3855.161,5216.272,9957.506,552.2363
108,10,4584.0044,1770.4169,3.9044726,3.5806649,3856.4338,5147.801,9875.808,551.35974
108,11,4590.429,1758.4832,3.9044046,3.5810425,3855.3652,5094.9546,9809.652,550.6468
108,12,4592.701,1747.1752,3.9043589,3.5813358,3853.0186,5053.3374,9756.344,550.06696
108,13,4592.5034,1736.9177,3.9043286,3.5815635,3850.087,5020.0796,9713.477,549.59534
108,14,4590.953,1727.8442,3.9043086,3.5817406,3846.9993,4993.2227,9679.009,549.2114
108,15,4588.745,1719.9423,3.9042954,3.581879,3844.0044,4971.382,9651.262,548.8988
108,16,4586.3,1713.1279,3.9042869,3.5819871,3841.2341,4953.5254,9628.878,548.644
108,17,4583.851,1707.285,3.9042811,3.582072,3838.7458,4938.8706,9610.7705,548.43604
108,18,4581.5215,1702.293,3.9042776,3.5821393,3836.553,4926.8037,9596.076,548.26605
108,19,4579.3647,1698.0343,3.904275,3.5821927,3834.6436,4916.837,9584.109,548.12695
108,20,4577.3994,1694.4022,3.9042733,3.582235,3832.9949,4908.582,9574.331,548.0128
108,21,4575.624,1691.3022,3.904272,3.5822692,3831.578,4901.7217,9566.311,547.91895
108,22,4574.025,1688.6527,3.9042711,3.5822966,3830.363,4896.004,9559.708,547.8416
108,23,4572.588,1686.3835,3.9042704,3.5823188,3829.3225,4891.2207,9554.255,547.77765
108,24,4571.2974,1684.4349,3.9042697,3.582337,3828.4316,4887.2056,9549.733,547.7246
108,25,4570.138,1682.7598,3.904269,3.5823514,3827.6677,4883.8247,9545.971,547.6805
108,26,4569.098,1681.3145,3.9042685,3.5823636,3827.0122,4880.968,9542.83,547.6436
108,27,4568.1636,1680.0651,3.904268,3.5823734,3826.449,4878.5454,9540.2,547.61273
108,28,4567.3247,1678.9828,3.9042673,3.5823817,3825.9636,4876.484,9537.988,547.5868
108,29,4566.572,1678.044,3.9042668,3.5823884,3825.545,4874.725,9536.125,547.56494
108,30,4565.8965,1677.2263,3.9042664,3.5823941,3825.183,4873.2183,9534.551,547.5464
108,31,4565.2905,1676.5138,3.9042659,3.582399,3824.87,4871.9263,9533.214,547.53064
108,32,4564.749,1675.8925,3.9042654,3.582403,3824.5984,4870.813,9532.078,547.5172
108,33,4564.2637,1675.3481,3.9042652,3.5824063,3824.3628,4869.8535,9531.109,547.5058
108,34,4563.8296,1674.8732,3.9042647,3.582409,3824.1575,4869.0234,9530.281,547.4959
108,35,4563.4434,1674.4563,3.9042645,3.5824113,3823.9785,4868.304,9529.572,547.4875
108,36,4563.097,1674.0901,3.904264,3.5824134,3823.8225,4867.6787,9528.963,547.4802
108,37,4562.789,1673.7686,3.9042637,3.582415,3823.6863,4867.1353,9528.4375,547.47394
108,38,4562.5156,1673.485,3.9042635,3.5824165,3823.5674,4866.6616,9527.985,547.46844
108,39,4562.2725,1673.2377,3.9042633,3.582418,3823.4631,4866.2495,9527.594,547.46375
108,40,4562.056,1673.018,3.904263,3.582419,3823.3718,4865.888,9527.254,547.4596
108,41,4561.8633,1672.8253,3.9042628,3.5824199,3823.2915,4865.574,9526.96,547.456
108,42,4561.6924,1672.6554,3.9042625,3.5824206,3823.2214,4865.298,9526.705,547.4529
108,43,4561.54,1672.5054,3.9042625,3.5824213,3823.16,4865.0557,9526.482,547.45013
108,44,4561.405,1672.3732,3.9042623,3.582422,3823.106,4864.8433,9526.288,547.44775
108,45,4561.2866,1672.2556,3.9042623,3.5824225,3823.058,4864.6567,9526.119,547.4457
108,46,4561.18,1672.1533,3.904262,3.582423,3823.016,4864.492,9525.972,547.44385
108,47,4561.0864,1672.062,3.904262,3.5824232,3822.9792,4864.3496,9525.843,547.4422
108,48,4561.0034,1671.9814,3.9042618,3.5824237,3822.947,4864.223,9525.7295,547.4408
108,49,4560.93,1671.9108,3.9042618,3.582424,3822.9185,4864.112,9525.63,547.4395
108,50,4560.8647,1671.8477,3.9042618,3.5824242,3822.8933,4864.013,9525.543,547.4385
108,51,4560.807,1671.7925,3.9042616,3.5824244,3822.871,4863.927,9525.467,547.4375
108,52,4560.757,1671.7437,3.9042616,3.5824246,3822.8516,4863.8506,9525.399,547.43665
108,53,4560.7114,1671.7002,3.9042616,3.5824249,3822.8345,4863.7847,9525.34,547.43585
108,54,4560.6714,1671.6616,3.9042616,3.5824249,3822.819,4863.7246,9525.288,547.43524
108,55,4560.636,1671.6279,3.9042614,3.582425,3822.8057,4863.673,9525.243,547.43463
108,56,4560.605,1671.5979,3.9042614,3.582425,3822.7942,4863.627,9525.202,547.43414
108,57,4560.5767,1671.5714,3.9042614,3.5824254,3822.7837,4863.585,9525.167,547.43365
108,58,4560.5522,1671.5487,3.9042614,3.5824254,3822.7742,4863.5493,9525.137,547.4333
108,59,4560.531,1671.5284,3.9042614,3.5824256,3822.7659,4863.5186,9525.108,547.4329
108,60,4560.511,1671.5098,3.9042614,3.5824256,3822.759,4863.49,9525.084,547.4326
108,61,4560.494,1671.4927,3.9042614,3.5824256,3822.7524,4863.4653,9525.0625,547.4323
108,62,4560.479,1671.479,3.9042614,3.5824256,3822.747,4863.443,9525.044,547.43207
108,63,4560.4653,1671.4663,3.9042614,3.5824258,3822.742,4863.425,9525.027,547.4319
108,64,4560.455,1671.4552,3.9042614,3.5824258,3822.7375,4863.408,9525.013,547.4317
108,65,4560.4443,1671.4452,3.904261,3.5824258,3822.734,4863.3926,9525.0,547.4315
108,66,4560.4355,1671.4363,3.904261,3.5824258,3822.7305,4863.379,9524.988,547.43134
108,67,4560.427,1671.4286,3.904261,3.5824258,3822.7273,4863.368,9524.978,547.4312
108,68,4560.42,1671.4221,3.904261,3.5824258,3822.7246,4863.357,9524.969,547.4311
108,69,4560.413,1671.4158,3.904261,3.5824258,3822.7222,4863.3477,9524.961,547.431
108,70,4560.408,1671.4105,3.904261,3.582426,3822.7202,4863.3394,9524.954,547.4309
108,71,4560.4033,1671.4055,3.904261,3.582426,3822.7183,4863.332,9524.948,547.43085
108,72,4560.398,1671.4014,3.904261,3.582426,3822.7168,4863.325,9524.942,547.4308
108,73,4560.3945,1671.3978,3.904261,3.582426,3822.715,4863.32,9524.9375,547.4307
108,74,4560.3916,1671.394,3.904261,3.582426,3822.7139,4863.315,9524.934,547.43066
108,75,4560.3887,1671.3914,3.904261,3.582426,3822.713,4863.312,9524.929,547.4306
108,76,4560.3853,1671.3893,3.904261,3.582426,3822.7117,4863.307,9524.927,547.43054
108,77,4560.3833,1671.3873,3.904261,3.582426,3822.711,4863.3037,9524.923,547.43054
108,78,4560.3823,1671.3849,3.904261,3.582426,3822.7102,4863.3003,9524.921,547.4305
108,79,4560.3794,1671.3826,3.904261,3.582426,3822.7097,4863.2983,9524.919,547.4305
108,80,4560.378,1671.3813,3.904261,3.582426,3822.709,4863.297,9524.916,547.4304
108,81,4560.3774,1671.3802,3.904261,3.582426,3822.7083,4863.294,9524.915,547.4304
108,82,4560.376,1671.3793,3.904261,3.582426,3822.708,4863.2915,9524.913,547.43036
108,83,4560.3745,1671.3778,3.904261,3.582426,3822.7075,4863.29,9524.912,547.43036
108,84,4560.3726,1671.3768,3.904261,3.582426,3822.707,4863.289,9524.911,547.43036
108,85,4560.3716,1671.3761,3.904261,3.582426,3822.7068,4863.288,9524.91,547.43036
108,86,4560.371,1671.3752,3.904261,3.582426,3822.7065,4863.2866,9524.909,547.4303
108,87,4560.3706,1671.3738,3.904261,3.582426,3822.7063,4863.285,9524.907,547.4303
108,88,4560.37,1671.3738,3.904261,3.582426,3822.706,4863.285,9524.906,547.4303
108,89,4560.3687,1671.3733,3.904261,3.582426,3822.7058,4863.283,9524.906,547.4303
108,90,4560.368,1671.3726,3.904261,3.582426,3822.7056,4863.2827,9524.905,547.4303
108,91,4560.3677,1671.3726,3.904261,3.582426,3822.7053,4863.2817,9524.905,547.4303
108,92,4560.367,1671.3721,3.904261,3.582426,3822.7053,4863.2803,9524.905,547.4303
108,93,4560.367,1671.3716,3.904261,3.582426,3822.705,4863.2803,9524.904,547.4303
108,94,4560.367,1671.3716,3.904261,3.582426,3822.705,4863.2803,9524.903,547.43024
108,95,4560.366,1671.3713,3.904261,3.582426,3822.705,4863.28,9524.904,547.43024
108,96,4560.366,1671.3711,3.904261,3.582426,3822.7048,4863.28,9524.903,547.43024
108,97,4560.366,1671.3711,3.904261,3.582426,3822.7048,4863.28,9524.902,547.43024
108,98,4560.3667,1671.3708,3.904261,3.582426,3822.7046,4863.279,9524.902,547.43024
108,99,4560.366,1671.3708,3.904261,3.582426,3822.7046,4863.279,9524.902,547.43024
108,100,4560.3657,1671.3708,3.904261,3.582426,3822.7046,4863.279,9524.902,547.43024
109,1,4126.82,1577.9297,3.9020708,3.5686297,4376.03,7145.788,11160.768,575.8915
109,2,4384.2026,1995.1836,3.9049218,3.5697756,4257.482,6923.8896,11169.437,571.8719
109,3,4620.24,2228.1243,3.9058,3.572271,4145.2686,6777.371,10989.952,567.6118
109,4,4743.4316,2327.1096,3.905844,3.5747683,4049.697,6621.0796,10807.211,563.7405
109,5,4792.818,2344.8918,3.9055836,3.5768142,3971.5278,6459.7812,10659.629,560.5295
109,6,4807.4453,2320.1729,3.90524,3.5783565,3908.5283,6307.6577,10545.843,557.99243
109,7,4808.3193,2276.5134,3.9048991,3.5794756,3858.0144,6172.928,10458.598,556.0392
109,8,4804.6714,2226.9028,3.9045908,3.5802748,3817.6533,6058.095,10391.674,554.5578
109,9,4800.1045,2177.969,3.9043226,3.5808437,3785.5452,5962.387,10340.382,553.44574
109,10,4795.861,2132.7693,3.904093,3.5812495,3760.1387,5883.616,10301.139,552.6174
109,11,4792.268,2092.4453,3.9038978,3.581541,3740.1504,5819.2173,10271.142,552.00433
109,12,4789.321,2057.1584,3.903732,3.5817525,3724.5142,5766.736,10248.193,551.5534
109,13,4786.909,2026.6073,3.9035919,3.5819075,3712.35,5724.018,10230.577,551.22363
109,14,4784.9062,2000.3022,3.9034731,3.5820224,3702.938,5689.246,10216.977,550.98395
109,15,4783.198,1977.7057,3.9033725,3.5821087,3695.6943,5660.927,10206.391,550.811
109,16,4781.6943,1958.3014,3.903287,3.582174,3690.1519,5637.8374,10198.064,550.6873
109,17,4780.3247,1941.6233,3.9032145,3.5822244,3685.9365,5618.9893,10191.44,550.59985
109,18,4779.044,1927.2655,3.9031527,3.5822637,3682.7559,5603.5835,10186.1045,550.53894
109,19,4777.8184,1914.8807,3.9031,3.5822942,3680.3767,5590.972,10181.748,550.49744
109,20,4776.634,1904.1747,3.903055,3.5823188,3678.6172,5580.6333,10178.144,550.4701
109,21,4775.4795,1894.9004,3.9030166,3.582338,3677.3357,5572.1465,10175.126,550.45294
109,22,4774.355,1886.8488,3.9029837,3.582354,3676.421,5565.1675,10172.568,550.44305
109,23,4773.2573,1879.845,3.9029553,3.5823667,3675.7864,5559.4204,10170.38,550.4384
109,24,4772.195,1873.7428,3.902931,3.5823774,3675.3645,5554.6807,10168.489,550.43744
109,25,4771.1685,1868.4164,3.9029102,3.582386,3675.1042,5550.7666,10166.842,550.4389
109,26,4770.184,1863.7598,3.902892,3.5823932,3674.9639,5547.529,10165.398,550.442
109,27,4769.2437,1859.6847,3.9028764,3.5823991,3674.9128,5544.8477,10164.126,550.44617
109,28,4768.3506,1856.1134,3.902863,3.5824041,3674.9265,5542.622,10162.999,550.4509
109,29,4767.506,1852.9801,3.9028513,3.5824084,3674.9866,5540.7734,10161.999,550.456
109,30,4766.713,1850.2289,3.902841,3.582412,3675.0784,5539.2354,10161.106,550.46106
109,31,4765.9697,1847.8112,3.9028323,3.582415,3675.1917,5537.9536,10160.309,550.4661
109,32,4765.278,1845.6838,3.9028246,3.5824177,3675.3176,5536.884,10159.596,550.47095
109,33,4764.634,1843.8126,3.902818,3.58242,3675.45,5535.989,10158.959,550.4755
109,34,4764.039,1842.1652,3.9028122,3.582422,3675.585,5535.24,10158.387,550.4798
109,35,4763.49,1840.7123,3.9028072,3.5824234,3675.7185,5534.6123,10157.873,550.4838
109,36,4762.9854,1839.4321,3.9028027,3.5824249,3675.8486,5534.085,10157.414,550.4875
109,37,4762.522,1838.3033,3.902799,3.5824263,3675.9731,5533.6416,10157.001,550.49084
109,38,4762.098,1837.3073,3.9027956,3.5824273,3676.092,5533.268,10156.631,550.4939
109,39,4761.712,1836.4285,3.9027927,3.5824282,3676.2031,5532.952,10156.299,550.49664
109,40,4761.359,1835.6519,3.90279,3.582429,3676.3074,5532.685,10156.0,550.4992
109,41,4761.038,1834.9664,3.9027877,3.5824296,3676.4043,5532.4595,10155.733,550.50146
109,42,4760.747,1834.361,3.9027858,3.5824304,3676.4937,5532.2686,10155.493,550.5035
109,43,4760.4824,1833.8252,3.902784,3.5824308,3676.5757,5532.105,10155.279,550.5053
109,44,4760.2437,1833.3522,3.9027824,3.5824313,3676.6511,5531.9673,10155.087,550.50696
109,45,4760.0273,1832.9333,3.9027812,3.5824318,3676.7205,5531.8496,10154.915,550.5085
109,46,4759.831,1832.564,3.90278,3.582432,3676.7832,5531.7485,10154.761,550.50977
109,47,4759.6562,1832.2362,3.9027789,3.5824325,3676.8403,5531.6626,10154.623,550.5109
109,48,4759.4976,1831.947,3.9027781,3.5824327,3676.8923,5531.5894,10154.5,550.512
109,49,4759.355,1831.6914,3.9027772,3.582433,3676.9392,5531.5264,10154.39,550.51294
109,50,4759.2266,1831.4648,3.9027765,3.5824332,3676.9817,5531.4717,10154.292,550.5138
109,51,4759.1113,1831.2644,3.902776,3.5824332,3677.02,5531.4253,10154.204,550.5145
109,52,4759.0083,1831.0867,3.9027753,3.5824335,3677.0544,5531.3853,10154.125,550.5152
109,53,4758.9155,1830.9288,3.9027748,3.5824337,3677.0857,5531.3506,10154.055,550.51575
109,54,4758.831,1830.7899,3.9027743,3.5824337,3677.1138,5531.3203,10153.992,550.5163
109,55,4758.758,1830.6667,3.902774,3.582434,3677.1387,5531.295,10153.936,550.5167
109,56,4758.69,1830.557,3.9027736,3.582434,3677.1614,5531.272,10153.887,550.51715
109,57,4758.631,1830.4598,3.9027734,3.5824342,3677.1816,5531.253,10153.842,550.5175
109,58,4758.5776,1830.3743,3.9027731,3.5824342,3677.1997,5531.2363,10153.803,550.5179
109,59,4758.53,1830.2992,3.902773,3.5824342,3677.216,5531.2207,10153.768,550.5181
109,60,4758.488,1830.2313,3.9027727,3.5824344,3677.2305,5531.2085,10153.736,550.5184
109,61,4758.449,1830.1721,3.9027727,3.5824344,3677.2437,5531.1978,10153.709,550.5186
109,62,4758.416,1830.1185,3.9027724,3.5824344,3677.2551,5531.188,10153.684,550.51886
109,63,4758.3853,1830.0717,3.9027722,3.5824344,3677.2654,5531.1797,10153.661,550.51904
109,64,4758.358,1830.0308,3.9027722,3.5824344,3677.2747,5531.172,10153.642,550.51917
109,65,4758.334,1829.994,3.902772,3.5824344,3677.283,5531.166,10153.623,550.5193
109,66,4758.312,1829.9612,3.902772,3.5824347,3677.2905,5531.1606,10153.607,550.5194
109,67,4758.2935,1829.9321,3.902772,3.5824347,3677.297,5531.1553,10153.593,550.51953
109,68,4758.2764,1829.9066,3.9027717,3.5824347,3677.303,5531.1514,10153.581,550.51965
109,69,4758.261,1829.8837,3.9027717,3.5824347,3677.308,5531.1475,10153.569,550.5197
109,70,4758.247,1829.8639,3.9027717,3.5824347,3677.3127,5531.1436,10153.561,550.51984
109,71,4758.236,1829.8457,3.9027717,3.5824347,3677.317,5531.141,10153.552,550.5199
109,72,4758.2246,1829.8304,3.9027715,3.5824347,3677.3203,5531.1377,10153.545,550.51996
109,73,4758.2153,1829.8162,3.9027715,3.5824347,3677.324,5531.136,10153.537,550.52
109,74,4758.206,1829.8031,3.9027715,3.5824347,3677.3267,5531.1343,10153.531,550.52
109,75,4758.199,1829.7925,3.9027715,3.5824347,3677.3293,5531.1323,10153.525,550.5201
109,76,4758.1924,1829.7833,3.9027715,3.5824347,3677.3318,5531.131,10153.5205,550.52014
109,77,4758.186,1829.7731,3.9027715,3.5824347,3677.334,5531.1294,10153.517,550.52014
109,78,4758.1816,1829.7661,3.9027715,3.5824347,3677.3357,5531.1284,10153.513,550.5202
109,79,4758.177,1829.7594,3.9027715,3.5824347,3677.3374,5531.128,10153.509,550.5202
109,80,4758.1714,1829.7532,3.9027712,3.5824347,3677.3386,5531.1265,10153.507,550.5202
109,81,4758.169,1829.748,3.9027712,3.5824347,3677.34,5531.1255,10153.503,550.52026
109,82,4758.166,1829.7428,3.9027712,3.5824347,3677.341,5531.125,10153.501,550.52026
109,83,4758.1626,1829.7386,3.9027712,3.5824347,3677.3423,5531.124,10153.499,550.52026
109,84,4758.1587,1829.7345,3.9027712,3.5824347,3677.343,5531.1235,10153.497,550.5203
109,85,4758.157,1829.7319,3.9027712,3.5824347,3677.3438,5531.123,10153.495,550.5203
109,86,4758.1553,1829.7288,3.9027712,3.5824347,3677.3447,5531.1226,10153.494,550.5203
109,87,4758.153,1829.7263,3.9027712,3.5824347,3677.3452,5531.122,10153.493,550.5203
109,88,4758.1514,1829.7238,3.9027712,3.5824347,3677.3457,5531.122,10153.492,550.5204
109,89,4758.1504,1829.7214,3.9027712,3.5824347,3677.3462,5531.1216,10153.49,550.5203
109,90,4758.1484,1829.7197,3.9027712,3.5824347,3677.347,5531.1206,10153.489,550.5204
109,91,4758.1484,1829.718,3.9027712,3.5824347,3677.3472,5531.121,10153.488,550.5204
109,92,4758.147,1829.7162,3.9027712,3.5824347,3677.3474,5531.1206,10153.487,550.5204
109,93,4758.146,1829.7161,3.9027712,3.5824347,3677.3477,5531.1206,10153.486,550.5204
109,94,4758.145,1829.7147,3.9027712,3.5824347,3677.3481,5531.1196,10153.486,550.5204
109,95,4758.1436,1829.7136,3.9027712,3.5824347,3677.3484,5531.12,10153.486,550.5204
109,96,4758.143,1829.7124,3.9027712,3.5824347,3677.3486,5531.12,10153.486,550.5204
109,97,4758.1426,1829.7118,3.9027712,3.5824347,3677.3486,5531.12,10153.485,550.5204
109,98,4758.143,1829.7113,3.9027712,3.5824347,3677.3486,5531.1196,10153.485,550.5204
109,99,4758.142,1829.7108,3.9027712,3.5824347,3677.3489,5531.1196,10153.485,550.5204
109,100,4758.141,1829.71,3.9027712,3.5824347,3677.349,5531.1196,10153.484,550.5204
