Cycle_Index,Discharge Time (s),Decrement 3.6-3.4V (s),Max. Voltage Dischar. (V),Min. Voltage Charg. (V),Time at 4.15V (s),Time constant current (s),Charging time (s),RUL,ID
1,2063.62,704.7999999998137,3.992,3.778,4422.047999999486,5408.45,8837.34,950.0,100
2,5951.2,1220.1353285714576,4.014,3.501,5017.496000000014,5962.21,5962.21,1104.0,100
3,1614.56,480.0,3.927,3.536,3125.912000000477,4004.31,8200.31,545.0,100
4,1989.94,666.3999999999069,3.991,3.453,4349.913000000175,5300.31,8681.19,905.0,100
5,2114.24,747.6000000000931,4.001,3.419,4760.351999999955,5696.35,8932.74,993.0,100
6,1746.22,522.0,3.953,3.809,3428.2810000004247,4364.28,8393.12,684.0,100
7,1140.93,313.59999999962747,3.857,3.667,1777.4938571434468,2492.35,7491.55,186.0,100
8,1879.36,596.7999999998137,3.978,3.488,3998.3211666662246,4904.28,8487.75,785.0,100
9,1044.12,287.2857142854482,3.837,3.682,1520.375,2168.38,7255.12,120.0,100
10,1985.56,657.625,3.999,3.702,4298.375,5257.06,8737.12,903.0,100
11,1886.81,606.0,3.978,3.48,4011.575000000186,4940.38,8492.09,813.0,100
12,1018.82,278.1098901089281,3.827,3.697,1457.2269999999553,2096.23,7207.27,96.0,100
13,1119.91,321.60150000080466,3.849,3.807,1477.343999998644,2303.02,7935.33,199.0,100
14,1893.53,610.0,3.979,3.479,4033.018999999389,4940.22,8541.72,817.0,100
15,1775.88,544.0,3.966,3.507,3651.511999999173,4580.31,8278.44,713.0,100
16,1239.88,342.0,3.881,3.634,2030.375,2780.38,7496.38,338.0,100
17,1794.86,551.2000000001863,3.967,3.502,3722.333333333954,4616.33,8330.28,725.0,100
18,1899.74,609.5999999996275,3.979,3.48,4112.312999999151,5012.31,8526.72,794.0,100
19,1833.57,570.0,3.97,3.496,3854.352000000887,4760.35,8388.13,752.0,100
20,1474.34,427.1999999992549,3.895,3.581,2648.2809999994934,3500.28,8062.22,438.0,100
21,1916.86,613.5999999996275,3.978,3.484,4124.321000000462,5048.32,8564.38,801.0,100
22,1795.14,544.0,3.962,3.517,3737.821999999695,4652.22,8360.35,703.0,100
23,1103.5,302.96103896200657,3.852,3.671,1664.3129999991506,2348.31,7421.41,160.0,100
24,1066.31,292.90909090824425,3.846,3.678,1571.7415714319795,2240.31,7319.44,131.0,100
25,1204.09,334.6666666660458,3.868,3.648,1952.265999998897,2708.27,7539.91,293.0,100
26,2189.5,808.8130000003148,4.044,3.388,4971.375,5944.38,9049.91,1054.0,100
27,1566.88,462.8571428563446,3.912,3.558,2974.744000000879,3824.34,8223.72,485.0,100
28,1580.97,469.0,3.915,3.555,3026.3279999997467,3896.33,8236.14,495.0,100
29,960.5,260.0,3.816,3.701,1317.875,1952.38,7069.69,44.0,100
30,1771.66,534.0,3.961,3.517,3656.327999999746,4544.33,8301.16,694.0,100
31,1122.77,308.0,3.854,3.667,1741.423857141286,2456.28,7363.94,178.0,100
32,1510.05,439.21979999914765,3.904,3.57,2792.320000000298,3644.32,8061.76,461.0,100
33,2060.42,705.6000000000931,3.994,3.437,4586.38300000038,5516.38,8830.3,948.0,100
34,1529.44,449.0,3.907,3.563,2852.343999998644,3716.34,8095.56,468.0,100
35,1232.95,337.49612499959767,3.877,3.644,2006.288999998942,2744.29,7586.09,299.0,100
36,1789.64,549.5999999996275,3.967,3.504,3704.35899999924,4616.36,8351.62,722.0,100
37,1484.8,427.2857142854482,3.903,3.573,2720.31299999915,3572.31,8025.56,443.0,100
38,936.44,250.9915966391564,3.813,3.705,1252.375,1844.38,7113.75,9.0,100
39,1570.94,465.4285714291036,3.914,3.556,2990.375,3860.38,8180.38,491.0,100
40,1885.44,604.0,3.978,3.48,4004.375,4940.38,8518.72,811.0,100
41,2170.56,789.6000000000931,4.008,3.397,4940.320000000298,5912.32,9060.73,1041.0,100
42,1962.97,640.811999999918,3.994,3.702,4214.280999999493,5172.98,8750.0,878.0,100
43,1764.42,532.0,3.96,3.517,3626.343000000343,4544.34,8331.61,691.0,100
44,1717.18,509.0,3.954,3.526,3488.3209999995306,4364.32,8230.5,653.0,100
45,2069.03,722.3999999999069,4.0,3.43,4609.14400000032,5552.34,8804.88,967.0,100
46,1103.5,302.96103896200657,3.852,3.671,1664.3129999991506,2348.31,7421.41,160.0,100
47,1192.16,329.3333333339542,3.872,3.651,1859.678571429104,2600.25,7469.03,274.0,100
48,1583.84,468.0,3.916,3.555,3032.3279999997467,3896.33,8260.97,496.0,100
49,1059.25,291.2727272734046,3.843,3.678,1561.4548571407795,2240.31,7321.0,127.0,100
50,1509.15,438.0169999990612,3.904,3.572,2780.352000001818,3608.35,8022.75,462.0,100
51,1362.88,378.1714285705239,3.899,3.616,2396.2579999994487,3212.26,7720.03,403.0,100
52,1453.81,417.0,3.896,3.581,2612.344000000506,3464.34,8050.72,420.0,100
53,2014.19,682.3855333332904,3.993,3.447,4436.343000000343,5372.34,8691.94,921.0,100
54,1747.2,526.0,3.958,3.524,3536.319000001065,4436.32,8197.41,679.0,100
55,2056.81,713.6000000000931,3.998,3.433,4573.143999999389,5516.34,8739.5,961.0,100
56,2003.25,675.2000000001863,3.992,3.449,4400.375,5336.38,8675.59,915.0,100
57,2208.56,825.594000000041,4.045,3.382,5030.7339999999385,6007.22,9098.56,1065.0,100
58,1968.67,651.5999999996275,3.987,3.463,4280.343999999575,5228.34,8648.67,880.0,100
59,2152.42,782.3999999999069,4.008,3.403,4889.913000000175,5840.31,8965.95,1032.0,100
60,938.0,252.0,3.813,3.706,1254.875,1844.38,7100.5,10.0,100
61,2186.25,806.4380000003148,4.043,3.391,4960.843499999959,5937.38,9027.75,1052.0,100
62,2203.19,820.8119999996852,4.045,3.383,5020.375,5993.38,9083.59,1063.0,100
63,1918.12,623.2000000001863,3.98,3.473,4118.359999999404,5048.36,8553.19,839.0,100
64,2198.19,816.0,4.044,3.385,4999.219000000041,5972.22,9067.53,1060.0,100
65,1235.58,340.0,3.878,3.644,2029.400857143104,2780.26,7555.91,304.0,100
66,1314.34,364.0,3.894,3.622,2240.375,3032.38,7684.53,383.0,100
67,928.62,247.5,3.81,3.707,1236.8129999991506,1844.31,7048.62,6.0,100
68,1159.31,319.2380952369422,3.864,3.656,1797.9642857145518,2528.25,7395.5,248.0,100
69,1216.59,336.0,3.875,3.644,1957.486857144162,2708.34,7512.5,285.0,100
70,435251.49,263086.078,4.267,3.086,269.98399999999674,443700.02,443700.02,1102.0,100
71,1908.06,616.0,3.979,3.475,4085.700000000186,5014.5,8529.51,832.0,100
72,2154.69,782.3999999999069,4.008,3.402,4897.158999999519,5840.36,8974.28,1033.0,100
73,1137.19,313.0285714287311,3.857,3.668,1762.035285713151,2456.32,7417.41,184.0,100
74,1753.88,554.0,3.949,3.495,3602.3909999988973,4508.39,8357.22,641.0,100
75,1528.25,447.4285714291036,3.907,3.563,2846.344000000506,3716.34,8137.16,467.0,100
76,1255.5,347.3333333339542,3.885,3.632,2055.169142857194,2816.31,7449.0,357.0,100
77,1795.14,544.0,3.962,3.517,3737.821999999695,4652.22,8360.35,703.0,100
78,1928.62,624.0,3.991,3.709,4102.375,5061.0,8671.06,854.0,100
79,1198.75,333.0,3.867,3.65,1928.359999999404,2672.36,7466.89,292.0,100
80,1940.31,636.0319999996573,3.984,3.467,4184.313000000082,5120.31,8569.16,859.0,100
81,1278.88,352.80000000074506,3.888,3.627,2127.200142856688,2924.34,7600.91,369.0,100
82,1507.11,436.7142857145518,3.904,3.57,2798.321000000462,3644.32,8051.81,459.0,100
83,1955.03,640.7999999998137,3.986,3.466,4238.343000000343,5156.34,8619.97,869.0,100
84,2180.13,797.6000000000931,4.007,3.394,4969.178400000092,5912.35,9093.92,1045.0,100
85,933.94,250.39285714365545,3.808,3.707,1254.75,1880.25,7170.81,24.0,100
86,1105.16,303.9428571444005,3.852,3.672,1669.3928571436554,2348.25,7374.5,164.0,100
87,1069.06,293.1428571436554,3.845,3.677,1582.026285711676,2240.31,7322.19,133.0,100
88,1160.06,320.0,3.864,3.655,1834.089285714552,2564.38,7523.44,245.0,100
89,1177.31,324.80000000074506,3.869,3.656,1828.8214285708964,2564.25,7440.5,262.0,100
90,2158.66,784.0,4.008,3.401,4910.359000000171,5876.36,9023.48,1035.0,100
91,1927.2,626.4000000003725,3.98,3.471,4148.351000000723,5084.35,8560.48,845.0,100
92,1972.78,652.0,3.987,3.462,4299.512000000104,5228.31,8642.33,883.0,100
93,1469.06,421.7142857145518,3.897,3.579,2654.219000000506,3500.22,8027.91,431.0,100
94,1580.97,469.0,3.915,3.555,3026.3279999997467,3896.33,8236.14,495.0,100
95,1595.38,476.0,3.914,3.849,2834.375,3788.38,8369.19,537.0,100
96,1880.84,600.7999999998137,3.978,3.487,4004.31200000085,4940.31,8481.28,786.0,100
97,973.53,264.19999999925494,3.82,3.699,1340.406000001356,1952.41,7133.5,52.0,100
98,1629.44,492.0,3.921,3.54,3140.31299999915,4004.31,8278.88,560.0,100
99,1040.25,286.2857142854482,3.839,3.684,1502.375,2168.38,7188.44,117.0,100
100,1245.31,344.0,3.884,3.633,2034.660714285448,2816.38,7595.19,347.0,100
101,940.75,252.6999999992549,3.814,3.706,1259.375,1880.38,7119.5,16.0,100
102,2014.4,674.4000000003725,3.987,3.458,4412.479000000283,5336.48,8762.21,900.0,100
103,1854.25,586.0,3.975,3.491,3917.9130000006407,4832.31,8412.03,769.0,100
104,1144.25,316.80000000074506,3.86,3.659,1784.25,2528.25,7356.0,243.0,100
105,1900.97,612.0,3.978,3.478,4061.9119999995455,4976.31,8496.94,823.0,100
106,1235.69,342.5,3.88,3.635,2024.3129999991504,2780.38,7484.38,336.0,100
107,1159.31,319.2380952369422,3.864,3.656,1797.9642857145518,2528.25,7395.5,248.0,100
108,1369.63,380.3805000018328,3.9,3.615,2450.320000000298,3248.32,7685.12,406.0,100
109,1138.62,313.59999999962747,3.855,3.671,1762.066285714507,2456.35,7388.1,194.0,100
110,1000.59,273.08425274677575,3.825,3.696,1407.1701428554952,2060.31,7209.0,72.0,100
111,1039.75,285.5714285708964,3.838,3.683,1515.2951428592205,2168.44,7246.31,119.0,100
112,1872.2,594.0,3.976,3.488,3980.3600000003353,4904.36,8480.42,782.0,100
113,1041.5,286.90909090824425,3.839,3.682,1510.0892857145518,2168.38,7175.94,112.0,100
114,2114.24,747.6000000000931,4.001,3.419,4760.351999999955,5696.35,8932.74,993.0,100
115,1573.88,464.0,3.92,3.544,2996.25,3860.25,8122.12,516.0,100
116,2095.59,734.3999999999069,4.001,3.425,4702.74300000025,5660.34,8857.02,986.0,100
117,206007.26,-64192.716000019806,4.271,3.166,72809.98200000008,84474.65,84474.65,1048.0,100
118,1103.5,302.96103896200657,3.852,3.671,1664.3129999991506,2348.31,7421.41,160.0,100
119,1870.91,592.0,3.976,3.489,3974.2189999995753,4904.22,8453.25,777.0,100
120,1245.31,344.0,3.884,3.633,2034.660714285448,2816.38,7595.19,347.0,100
121,2124.41,764.3999999999069,4.006,3.411,4796.375,5768.38,8916.5,1010.0,100
122,198748.44,192077.0229999991,4.266,3.29,66689.98100000061,78255.55,78255.55,805.0,100
123,1243.94,344.0,3.883,3.635,2029.455857142806,2780.31,7558.62,346.0,100
124,1879.36,596.7999999998137,3.978,3.488,3998.3211666662246,4904.28,8487.75,785.0,100
125,2018.08,685.6000000000931,3.994,3.446,4443.558999999892,5372.36,8710.62,928.0,100
126,1315.72,364.5,3.895,3.623,2250.504714284092,3032.22,7652.28,384.0,100
127,1918.98,614.0,3.977,3.484,4124.320000000298,5048.32,8596.48,802.0,100
128,1629.89,474.0,3.947,3.54,3188.3240000000224,4076.32,8055.01,627.0,100
129,1625.69,488.0,3.929,3.533,3169.050000000745,4040.25,8245.06,550.0,100
130,1354.17,375.0,3.897,3.617,2378.3589999973774,3176.36,7713.56,400.0,100
131,1221.0,340.0,3.872,3.912,1743.5120000001043,2600.31,7779.5,343.0,100
132,2049.09,708.0,3.998,3.435,4544.25,5480.25,8772.62,955.0,100
133,1255.38,346.5,3.884,3.632,2065.3928571436554,2852.25,7468.12,358.0,100
134,933.88,249.0,3.812,3.706,1250.25,1844.25,7101.12,8.0,100
135,2175.17,795.0,4.007,3.395,4954.782999999821,5912.38,9064.41,1043.0,100
136,1628.38,465.8571428572759,3.941,3.552,3200.25,4076.25,8089.82,598.0,100
137,1107.44,305.3333333339542,3.851,3.672,1673.21799999848,2348.22,7314.94,168.0,100
138,1067.12,292.90909090824425,3.846,3.677,1578.811999997124,2240.31,7345.5,132.0,100
139,1139.2,313.9047619048506,3.86,3.663,1767.1071428563446,2492.25,7395.87,203.0,100
140,1937.28,632.4000000003725,3.984,3.468,4177.206000000238,5120.41,8578.84,857.0,100
141,1604.75,479.1428571436554,3.927,3.537,3092.1870000008494,3968.19,8222.88,539.0,100
142,1020.41,278.6373626384884,3.829,3.693,1458.6447142865509,2096.36,7245.95,88.0,100
143,1295.75,358.5,3.891,3.623,2198.344000000506,2996.34,7632.0,376.0,100
144,1595.38,476.0,3.914,3.849,2834.375,3788.38,8369.19,537.0,100
145,1215.38,335.3333333339542,3.874,3.646,1946.3440000005064,2708.34,7462.03,287.0,100
146,1880.84,600.7999999998137,3.978,3.487,4004.31200000085,4940.31,8481.28,786.0,100
147,1380.38,382.5,3.903,3.611,2516.226999999956,3320.23,7723.14,407.0,100
148,1234.19,342.0,3.878,3.639,1982.375,2744.38,7490.19,341.0,100
149,1968.06,652.0,3.986,3.464,4280.375,5228.38,8619.94,875.0,100
150,1729.31,516.0,3.958,3.521,3512.3520000008866,4400.35,8228.06,671.0,100
151,1265.31,350.69999999925494,3.885,3.63,2102.375,2888.38,7510.81,361.0,100
152,1701.44,503.0,3.953,3.528,3434.2890000008047,4328.29,8182.88,647.0,100
153,1713.63,507.4285714281723,3.954,3.526,3478.7519999993965,4364.35,8211.36,652.0,100
154,2170.56,789.6000000000931,4.008,3.397,4940.320000000298,5912.32,9060.73,1041.0,100
155,2119.97,749.6000000000931,4.001,3.417,4772.351999999955,5732.35,8959.65,995.0,100
156,1877.01,598.0,3.977,3.487,3992.3439999995753,4904.34,8447.61,784.0,100
157,7393.76,1112.991999999991,4.249,3.224,5508.993000000002,6762.02,10420.38,1110.0,100
158,2124.16,752.0,3.999,3.415,4778.320999999996,5732.32,8951.84,997.0,100
159,1265.31,350.69999999925494,3.885,3.63,2102.375,2888.38,7510.81,361.0,100
160,435251.49,263086.078,4.267,3.086,269.98399999999674,443700.02,443700.02,1102.0,100
161,1602.95,461.0,3.944,3.545,3097.1749999998137,3968.38,8050.02,612.0,100
162,1672.69,508.0,3.934,3.522,3326.18799999915,4220.19,8281.41,579.0,100
163,1534.94,451.2857142854482,3.909,3.561,2870.375,3716.38,8144.38,471.0,100
164,1601.06,476.5714285708964,3.924,3.54,3074.3120000008494,3932.31,8236.25,531.0,100
165,1796.76,554.0,3.967,3.503,3728.311999999918,4652.34,8320.41,726.0,100
166,2124.16,752.0,3.999,3.415,4778.320999999996,5732.32,8951.84,997.0,100
167,961.88,260.11428571492434,3.817,3.702,1313.375,1952.38,7019.19,41.0,100
168,1509.15,438.0169999990612,3.904,3.572,2780.352000001818,3608.35,8022.75,462.0,100
169,1585.86,468.8571428563446,3.916,3.555,3038.3590000011027,3896.36,8234.66,497.0,100
170,1722.26,514.0,3.958,3.522,3488.313000000082,4400.31,8224.22,667.0,100
171,1182.44,326.6666666660458,3.869,3.651,1870.0262857154007,2600.31,7411.25,275.0,100
172,2114.24,747.6000000000931,4.001,3.419,4760.351999999955,5696.35,8932.74,993.0,100
173,1503.58,437.0,3.9,3.576,2726.351999999956,3572.35,7927.39,463.0,100
174,1451.94,415.5,3.896,3.582,2606.31299999915,3428.31,8049.38,418.0,100
175,1028.62,282.7142857145518,3.836,3.685,1479.875,2132.38,7197.0,106.0,100
176,1141.81,316.0,3.86,3.66,1751.6165714282542,2456.19,7382.94,237.0,100
177,1474.34,427.1999999992549,3.895,3.581,2648.2809999994934,3500.28,8062.22,438.0,100
178,2210.59,828.0,4.045,3.381,5034.375,6014.38,9118.03,1066.0,100
179,1738.17,521.0,3.959,3.519,3536.320000000298,4436.32,8265.86,674.0,100
180,1797.15,544.0,3.961,3.518,3740.3519999999553,4652.35,8358.88,704.0,100
181,991.97,271.54285714402795,3.818,3.943,1082.3440000005066,1844.34,7758.19,75.0,100
182,1189.31,340.79649999924004,3.867,3.809,1638.343999998644,2478.0,7912.53,271.0,100
183,2012.29,672.0,3.987,3.456,4421.920999999158,5372.32,8765.15,899.0,100
184,1632.12,490.2857142854482,3.924,3.536,3161.9749999996275,4643.5,8856.31,559.0,100
185,1606.44,477.8571428563446,3.925,3.542,3068.375,3932.38,8245.94,534.0,100
186,1874.72,596.0,3.975,3.493,3956.344000001438,4868.34,8496.25,779.0,100
187,1078.88,296.10389610379934,3.846,3.675,1610.375,2276.38,7357.62,140.0,100
188,2026.05,691.2000000001863,3.994,3.444,4478.25,5408.25,8705.12,934.0,100
189,1642.75,497.5714285708964,3.931,3.528,3212.3120000008494,4112.31,8239.59,564.0,100
190,2067.62,722.3938000001945,4.0,3.431,4604.313000000082,5552.31,8805.75,966.0,100
191,1963.03,646.4000000003725,3.986,3.464,4270.7750000003725,5192.38,8609.84,873.0,100
192,1941.44,636.0,3.984,3.468,4190.281999999657,5120.28,8556.66,860.0,100
193,1496.64,432.4363214280456,3.905,3.57,2756.3519999980927,3608.35,8051.81,450.0,100
194,1256.94,349.0,3.88,3.634,2065.5178571436554,2852.38,7603.0,366.0,100
195,2003.25,675.2000000001863,3.992,3.449,4400.375,5336.38,8675.59,915.0,100
196,954.06,257.1428571417928,3.818,3.702,1290.875,1916.38,7135.88,28.0,100
197,977.78,264.90000000037253,3.82,3.698,1358.375,1988.38,7106.06,60.0,100
198,2067.62,722.3938000001945,4.0,3.431,4604.313000000082,5552.31,8805.75,966.0,100
199,1746.22,522.0,3.953,3.809,3428.2810000004247,4364.28,8393.12,684.0,100
200,1543.88,454.0,3.91,3.56,2906.2180000003427,3752.22,8158.66,476.0,100
201,1899.74,609.5999999996275,3.979,3.48,4112.312999999151,5012.31,8526.72,794.0,100
202,989.31,269.010989010334,3.823,3.697,1381.5498571433127,2024.41,7196.25,64.0,100
203,1885.31,598.4000000003725,3.978,3.487,4018.743999999948,4940.34,8510.02,788.0,100
204,1606.44,477.8571428563446,3.925,3.542,3068.375,3932.38,8245.94,534.0,100
205,1095.19,302.40000000037253,3.85,3.672,1654.0892857145518,2348.38,7336.53,155.0,100
206,962.56,261.2142857145518,3.816,3.702,1309.4548571445048,1916.31,7078.06,43.0,100
207,1873.94,595.188000000082,3.984,3.714,3906.311999999918,4865.0,8602.12,806.0,100
208,1969.38,648.0,3.986,3.469,4263.512000000104,5192.31,8630.66,876.0,100
209,1605.09,474.0,3.917,3.556,3110.351999999956,3968.35,8245.89,504.0,100
210,2042.37,698.3936000000685,3.994,3.441,4529.9590000002645,5480.36,8741.28,942.0,100
211,940.81,252.1142857149244,3.815,3.706,1259.375,1880.38,7123.25,12.0,100
212,2232.16,852.0,4.045,3.378,5111.328000000212,6084.33,9145.58,1084.0,100
213,1862.91,590.4000000003725,3.976,3.49,3944.312999999151,4868.31,8461.66,774.0,100
214,1746.22,522.0,3.953,3.809,3428.2810000004247,4364.28,8393.12,684.0,100
215,2252.83,873.6010000000242,4.043,3.374,5174.334000000032,6147.33,9243.58,1093.0,100
216,1181.12,326.6666666660458,3.869,3.653,1854.660714285448,2600.38,7431.69,261.0,100
217,1646.19,498.8571428563446,3.932,3.527,3226.5620000008494,4114.56,8250.62,566.0,100
218,679307.97,283252.125,4.216,3.256,51869.98399999738,604521.09,604521.09,0.0,100
219,2261.34,883.1999999999534,4.038,3.901,1949.6640000001064,2922.69,6070.11,1096.0,100
220,1215.25,334.40000000037253,3.874,3.645,1957.517857143656,2708.38,7506.59,286.0,100
221,1792.48,536.0,3.955,3.481,4270.751000001095,5300.35,9707.74,708.0,100
222,1605.64,459.8571428572759,3.944,3.546,3104.3590000011027,3968.36,8021.73,614.0,100
223,1602.05,473.0,3.909,3.566,3044.353000000119,3932.35,8378.82,511.0,100
224,2197.0,813.5929999996442,4.044,3.387,4992.25,5965.25,9074.62,1059.0,100
225,1179.31,323.3333333339542,3.87,3.653,1856.437000000849,2600.44,7440.12,258.0,100
226,1657.0,504.0,3.932,3.526,3266.375,4148.38,8271.62,572.0,100
227,1636.06,492.0,3.93,3.532,3200.375,4076.38,8279.0,557.0,100
228,1087.94,310.3959999997169,3.837,3.809,1386.359999999404,2198.02,7882.45,174.0,100
229,1938.59,634.4000000003725,3.984,3.467,4184.25,5120.25,8534.22,858.0,100
230,1972.78,652.0,3.987,3.462,4299.512000000104,5228.31,8642.33,883.0,100
231,943.5,254.1176470592618,3.811,3.707,1248.3120000008494,1844.31,7093.75,22.0,100
232,1672.72,510.0,3.928,3.534,3260.25,4148.25,8310.75,584.0,100
233,1623.46,469.0,3.945,3.542,3161.950999999419,4040.35,8035.39,624.0,100
234,2074.47,726.0,4.0,3.429,4630.74300000025,5588.34,8809.44,970.0,100
235,1969.38,648.0,3.986,3.469,4263.512000000104,5192.31,8630.66,876.0,100
236,1850.19,583.2000000001863,3.975,3.491,3902.375,4832.38,8395.34,767.0,100
237,1725.02,508.0,3.949,3.829,3154.848000000231,4148.45,8557.54,658.0,100
238,2595.3,1151.4885,3.67,3.211,5460.001,6755.01,10777.82,1112.0,100
239,950.19,256.5714285708964,3.816,3.702,1290.6870000008494,1916.19,7155.5,27.0,100
240,964.62,261.82857142947614,3.816,3.703,1317.875,1952.38,7128.5,47.0,100
241,1326.88,366.30000000074506,3.894,3.623,2252.322666667402,3032.31,7666.56,389.0,100
242,2093.19,735.0,4.001,3.424,4695.589999999851,5660.39,8846.05,985.0,100
243,1968.06,652.0,3.986,3.464,4280.375,5228.38,8619.94,875.0,100
244,1214.56,334.6666666660458,3.877,3.639,1962.535714285448,2708.25,7461.19,322.0,100
245,1625.86,468.8571428572759,3.939,4.053,302.3519999999553,1124.35,5277.63,634.0,100
246,1136.75,314.6666666660458,3.86,3.659,1762.1512857154012,2492.44,7405.0,227.0,100
247,1951.09,643.2319999998435,3.986,3.466,4227.513000000268,5156.31,8593.88,867.0,100
248,1753.88,554.0,3.949,3.495,3602.3909999988973,4508.39,8357.22,641.0,100
249,1398.69,386.4000000003725,3.907,3.611,2528.3120000008494,3320.31,7762.3,408.0,100
250,2052.81,711.6000000000931,3.998,3.434,4558.74300000025,5516.34,8734.62,958.0,100
251,2058.47,716.9922500001267,3.999,3.433,4574.311999999918,5516.31,8743.38,962.0,100
252,1024.54,280.7142857145518,3.828,3.694,1470.8509999997914,2132.35,7193.76,94.0,100
253,1018.22,277.84615384601057,3.828,3.693,1448.218999998644,2096.22,7291.39,83.0,100
254,1231.38,341.69999999925494,3.88,3.637,1998.660714285448,2780.38,7441.62,333.0,100
255,1760.88,559.0,3.951,3.492,3629.9599999999614,4544.36,8339.56,642.0,100
256,2200.34,816.0,4.044,3.386,5006.344000000041,5979.34,9089.41,1061.0,100
257,1081.91,298.40000000037253,3.847,3.674,1623.843999998644,2312.34,7300.91,151.0,100
258,1561.19,461.5714285708964,3.912,3.558,2966.344000000506,3824.34,8170.94,483.0,100
259,1178.69,324.90000000037253,3.87,3.652,1856.312000000849,2600.31,7455.62,257.0,100
260,7408.64,1172.5125000000007,4.246,3.22,5508.991999999998,6762.02,10500.35,1111.0,100
261,1971.36,653.5999999996275,3.987,3.482,4292.344000000507,5228.34,8640.55,882.0,100
262,2259.46,883.1990000000224,4.042,3.373,5181.377000000095,6161.38,9310.98,1095.0,100
263,1883.34,600.0,3.977,3.48,3998.3439999995753,4940.34,8517.88,810.0,100
264,1139.2,313.9047619048506,3.86,3.663,1767.1071428563446,2492.25,7395.87,203.0,100
265,2245.05,864.0,4.044,3.374,5153.413999999873,6126.4,9215.78,1090.0,100
266,2130.69,765.6000000000931,4.007,3.408,4817.944000000134,5768.34,8896.53,1014.0,100
267,1589.92,471.0,3.916,3.555,3053.858000000939,3932.26,8222.01,499.0,100
268,1305.47,362.0,3.892,3.621,2216.344000000506,2996.34,7649.38,379.0,100
269,1497.47,435.4285714291036,3.905,3.57,2765.857999999076,3608.26,8021.63,452.0,100
270,1224.88,337.5,3.879,3.638,1983.169142857194,2744.31,7461.5,326.0,100
271,935.62,250.2352941185236,3.809,3.708,1241.375,1844.38,7112.88,23.0,100
272,1875.33,595.2000000001863,3.977,3.488,3986.375,4904.38,8475.12,783.0,100
273,1137.88,314.0,3.86,3.663,1751.6998571418226,2456.26,7397.22,202.0,100
274,933.88,249.0,3.812,3.706,1250.25,1844.25,7101.12,8.0,100
275,958.66,256.81299999915063,3.806,3.819,1004.8904999997468,1756.97,7889.16,51.0,100
276,984.78,267.4285714291036,3.822,3.697,1376.3129999991506,1988.31,7090.06,62.0,100
277,200892.99,99536.92650000006,4.269,3.279,68880.00399999972,80526.56,80526.56,902.0,100
278,2047.5,708.0,3.998,3.435,4544.375,5480.38,8766.19,954.0,100
279,1652.59,503.1428571436554,3.932,3.526,3254.344000000506,4148.34,8240.72,570.0,100
280,1233.0,340.6666666660458,3.88,3.636,1993.455857142806,2744.31,7467.0,331.0,100
281,941.0,253.2857142854482,3.814,3.705,1259.4379999991506,1880.44,7107.69,13.0,100
282,1695.97,499.2857142854482,3.952,3.529,3410.360000000336,4292.36,8181.86,644.0,100
283,1679.25,513.0,3.933,3.523,3332.375,4220.38,8280.97,582.0,100
284,6019.9,1058.2797241378576,4.045,3.475,5053.842846153886,5980.77,5980.77,1100.0,100
285,1324.25,366.30000000074506,3.896,3.622,2271.2631428577006,3068.41,7693.31,387.0,100
286,2115.12,757.2000000001863,4.005,3.414,4766.375,5732.38,8854.25,1005.0,100
287,1468.38,423.4285714291036,3.896,3.578,2666.375,3500.38,8018.59,432.0,100
288,1968.67,651.5999999996275,3.987,3.463,4280.343999999575,5228.34,8648.67,880.0,100
289,1672.69,508.0,3.934,3.522,3326.18799999915,4220.19,8281.41,579.0,100
290,1699.14,500.5714285718277,3.953,3.529,3422.321000000462,4328.32,8159.24,646.0,100
291,1935.62,632.7999999998137,3.983,3.468,4169.943999999203,5120.34,8583.72,856.0,100
292,1235.69,342.5,3.88,3.635,2024.3129999991504,2780.38,7484.38,336.0,100
293,1738.17,521.0,3.959,3.519,3536.320000000298,4436.32,8265.86,674.0,100
294,2060.42,705.6000000000931,3.994,3.437,4586.38300000038,5516.38,8830.3,948.0,100
295,1133.81,313.54285714402795,3.86,3.661,1736.3120000008494,2456.31,7364.44,225.0,100
296,1992.16,670.3999999999069,3.991,3.451,4364.375,5300.38,8640.56,907.0,100
297,1747.2,526.0,3.958,3.524,3536.319000001065,4436.32,8197.41,679.0,100
298,2122.03,762.3999999999069,4.005,3.411,4789.150199999567,5732.34,8875.09,1009.0,100
299,1239.74,340.80000000074506,3.877,3.645,2044.8604285698384,2816.29,7539.11,309.0,100
300,1243.62,343.80000000074506,3.884,3.636,2024.25,2780.25,7550.25,345.0,100
301,206007.26,-64192.716000019806,4.271,3.166,72809.98200000008,84474.65,84474.65,1048.0,100
302,5945.44,1216.920914285729,4.014,3.501,5009.993666666647,5954.91,5954.91,1103.0,100
303,1380.38,382.5,3.903,3.611,2516.226999999956,3320.23,7723.14,407.0,100
304,1136.16,312.1904761902988,3.861,3.663,1751.7795714307576,2456.35,7396.52,201.0,100
305,1636.25,473.1428571427241,3.945,3.544,3176.3199999993667,4076.32,8085.09,633.0,100
306,1474.34,427.1999999992549,3.895,3.581,2648.2809999994934,3500.28,8062.22,438.0,100
307,1079.0,297.59999999962747,3.846,3.676,1597.5178571436554,2276.38,7368.69,138.0,100
308,2232.16,852.0,4.045,3.378,5111.328000000212,6084.33,9145.58,1084.0,100
309,1496.64,432.4363214280456,3.905,3.57,2756.3519999980927,3608.35,8051.81,450.0,100
310,1255.44,347.0,3.886,3.631,2060.375,2816.38,7580.56,352.0,100
311,1018.82,278.1098901089281,3.827,3.697,1457.2269999999553,2096.23,7207.27,96.0,100
312,1510.05,439.21979999914765,3.904,3.57,2792.320000000298,3644.32,8061.76,461.0,100
313,1919.56,622.0,3.98,3.472,4119.544000000693,5048.34,8567.36,840.0,100
314,1140.81,316.6666666660458,3.86,3.66,1756.8214285708964,2492.25,7359.5,238.0,100
315,1672.7,489.0,3.949,3.532,3338.328000000678,4220.33,8108.33,636.0,100
316,940.0,252.6999999992549,3.814,3.705,1259.375,1880.38,7148.81,11.0,100
317,1136.75,314.6666666660458,3.86,3.659,1762.1512857154012,2492.44,7405.0,227.0,100
318,2595.3,1151.4885,3.67,3.211,5460.001,6755.01,10777.82,1112.0,100
319,2219.75,828.0,4.041,3.686,5020.311999999685,6000.31,9174.41,1072.0,100
320,1584.88,472.0,3.922,3.542,3026.3120000008494,3896.31,8186.0,520.0,100
321,1860.75,588.0,3.976,3.491,3938.4060000004247,4868.41,8446.72,773.0,100
322,2121.79,751.9980000001378,4.0,3.415,4781.824000000488,5732.22,8950.82,996.0,100
323,1581.88,466.2857142854482,3.921,3.543,3020.375,3896.38,8164.44,519.0,100
324,1794.86,551.2000000001863,3.967,3.502,3722.333333333954,4616.33,8330.28,725.0,100
325,2158.66,784.0,4.008,3.401,4910.359000000171,5876.36,9023.48,1035.0,100
326,2242.53,861.594000000041,4.044,3.376,5146.368000000017,6119.36,9190.62,1089.0,100
327,1326.88,366.30000000074506,3.894,3.623,2252.322666667402,3032.31,7666.56,389.0,100
328,6008.07,1065.3720591132296,4.045,3.48,5033.075769230723,5954.47,5954.47,1098.0,100
329,1547.47,456.4285714291036,3.91,3.56,2918.4059999994934,3788.41,8161.53,478.0,100
330,1231.38,341.69999999925494,3.88,3.637,1998.660714285448,2780.38,7441.62,333.0,100
331,1990.62,670.3999999999069,3.991,3.451,4357.081999999471,5300.28,8640.44,906.0,100
332,2185.12,806.4380000003148,4.043,3.39,4957.375,5930.38,9051.06,1050.0,100
333,1232.95,337.49612499959767,3.877,3.644,2006.288999998942,2744.29,7586.09,299.0,100
334,1610.53,476.0,3.916,3.556,3133.1520000007004,4004.35,8236.99,507.0,100
335,1604.75,479.1428571436554,3.927,3.537,3092.1870000008494,3968.19,8222.88,539.0,100
336,1845.12,580.0,3.975,3.493,3878.3439999995753,4796.34,8430.84,764.0,100
337,1105.69,304.0,3.849,3.674,1659.1691428534689,2348.31,7439.53,172.0,100
338,1106.16,304.45714285597205,3.852,3.67,1684.977428568527,2384.41,7368.78,165.0,100
339,1214.78,335.0,3.874,3.645,1952.375,2708.38,7490.38,283.0,100
340,1496.64,432.4363214280456,3.905,3.57,2756.3519999980927,3608.35,8051.81,450.0,100
341,1453.81,417.0,3.896,3.581,2612.344000000506,3464.34,8050.72,420.0,100
342,1170.66,324.6666666660458,3.864,3.654,1826.3430000003427,2564.34,7408.78,267.0,100
343,1525.56,446.1428571436554,3.907,3.563,2840.343999998644,3716.34,8118.78,466.0,100
344,2060.94,715.2000000001863,3.999,3.432,4586.344000000507,5552.34,8776.62,963.0,100
345,1257.56,348.0,3.886,3.631,2062.625,2818.62,7543.56,354.0,100
346,1494.75,431.1428571436554,3.904,3.57,2750.3279999997467,3608.33,8056.81,448.0,100
347,1540.66,452.1428571436554,3.91,3.561,2888.219000000506,3752.22,8134.34,474.0,100
348,1734.18,520.0,3.959,3.519,3529.154999999329,4436.35,8199.75,673.0,100
349,2158.66,784.0,4.008,3.401,4910.359000000171,5876.36,9023.48,1035.0,100
350,1914.77,620.0,3.979,3.473,4106.234999999404,5048.23,8537.67,837.0,100
351,1607.56,480.4285714291036,3.928,3.536,3104.25,3968.25,8220.38,540.0,100
352,1862.91,590.4000000003725,3.976,3.49,3944.312999999151,4868.31,8461.66,774.0,100
353,1794.86,551.2000000001863,3.967,3.502,3722.333333333954,4616.33,8330.28,725.0,100
354,1864.75,590.4000000003725,3.975,3.49,3956.375,4868.38,8464.0,775.0,100
355,1645.38,471.0,3.938,3.559,3226.752000000328,4112.35,8262.91,608.0,100
356,1472.66,426.0,3.896,3.578,2672.31299999915,3536.31,8042.94,437.0,100
357,1016.0,277.84615384601057,3.828,3.692,1448.3589999973774,2096.36,7266.47,82.0,100
358,1014.91,277.05494505539536,3.828,3.693,1448.375,2096.38,7241.56,81.0,100
359,1063.47,301.6039999984205,3.833,3.819,1302.34299999848,2107.0,7901.78,150.0,100
360,2148.48,778.3999999999069,4.008,3.404,4875.512999999803,5840.31,8930.36,1029.0,100
361,189082.15,174964.38099999912,4.241,3.34,57809.98000000045,69138.08,69138.08,416.0,100
362,1138.33,313.0285714287311,3.857,3.667,1756.9154285732657,2456.34,7459.86,182.0,100
363,2248.6,868.7969999997877,4.044,3.375,5160.320999999763,6133.34,9248.32,1091.0,100
364,1793.03,552.0,3.967,3.503,3716.3590000001714,4616.36,8341.83,724.0,100
365,1585.86,468.8571428563446,3.916,3.555,3038.3590000011027,3896.36,8234.66,497.0,100
366,1406.34,388.80000000074506,3.906,3.611,2564.2220000009984,3356.22,7750.91,411.0,100
367,1139.07,314.5714285708964,3.859,3.662,1767.239142857492,2492.38,7412.26,207.0,100
368,2051.17,704.0,3.995,3.438,4556.339333333075,5516.32,8789.41,945.0,100
369,1885.44,604.0,3.978,3.48,4004.375,4940.38,8518.72,811.0,100
370,1182.19,327.3333333339542,3.863,3.646,1926.628714285791,4204.28,7070.44,279.0,100
371,939.31,253.0714285708964,3.808,3.952,934.0892857145518,1664.38,7730.25,25.0,100
372,1185.03,326.6666666660458,3.869,3.65,1885.455857142806,2636.38,7438.47,273.0,100
373,976.41,265.59999999962747,3.821,3.7,1349.375,1988.38,7076.56,56.0,100
374,1779.75,540.0,3.961,3.517,3686.352000000887,4580.35,8345.21,697.0,100
375,2173.44,793.0,4.008,3.398,4947.551000000443,5912.35,9080.74,1042.0,100
376,1134.19,314.6666666660458,3.858,3.66,1751.615571429953,2456.19,7344.69,240.0,100
377,1534.94,451.2857142854482,3.909,3.561,2870.375,3716.38,8144.38,471.0,100
378,981.44,267.2142857145518,3.821,3.698,1367.343999998644,1988.34,7170.78,61.0,100
379,1138.33,313.0285714287311,3.857,3.667,1756.9154285732657,2456.34,7459.86,182.0,100
380,1720.16,513.4285714281723,3.958,3.522,3482.343999999576,4364.34,8208.67,666.0,100
381,940.81,252.1142857149244,3.815,3.706,1259.375,1880.38,7123.25,12.0,100
382,1014.91,277.05494505539536,3.828,3.693,1448.375,2096.38,7241.56,81.0,100
383,1890.94,607.2000000001863,3.978,3.478,4025.974999999628,4940.38,8508.56,816.0,100
384,1112.7,306.40000000037253,3.852,3.671,1704.890999998897,2384.39,7306.92,176.0,100
385,1627.68,471.8571428572759,3.946,3.54,3176.3209999995306,4076.32,8079.61,626.0,100
386,1247.12,345.0,3.883,3.633,2039.740571429953,2816.31,7553.06,348.0,100
387,1857.72,584.0,3.975,3.491,3925.1749999998137,4832.38,8439.19,771.0,100
388,989.31,269.010989010334,3.823,3.697,1381.5498571433127,2024.41,7196.25,64.0,100
389,1324.25,366.30000000074506,3.896,3.622,2271.2631428577006,3068.41,7693.31,387.0,100
390,1502.17,433.7142857145518,3.905,3.569,2780.320000000298,3644.32,8071.81,455.0,100
391,1167.56,322.6666666660458,3.865,3.654,1828.915428571403,2564.34,7364.97,264.0,100
392,1462.69,421.7142857145518,3.898,3.579,2643.5120000001043,3500.31,8014.78,427.0,100
393,2248.6,868.7969999997877,4.044,3.375,5160.320999999763,6133.34,9248.32,1091.0,100
394,1365.63,377.08062499947846,3.9,3.616,2402.3209999986,3212.32,7764.99,404.0,100
395,1580.97,469.0,3.915,3.555,3026.3279999997467,3896.33,8236.14,495.0,100
396,2154.69,782.3999999999069,4.008,3.402,4897.158999999519,5840.36,8974.28,1033.0,100
397,1799.68,544.0,3.961,3.517,3745.121000000276,4652.32,8410.79,705.0,100
398,2014.4,674.4000000003725,3.987,3.458,4412.479000000283,5336.48,8762.21,900.0,100
399,1393.18,389.4000000003725,3.885,3.598,2580.3199999984354,4600.38,10252.38,415.0,100
400,2216.89,835.2029999997467,4.046,3.379,5062.375,6035.36,9112.24,1074.0,100
401,1932.0,634.0,3.983,3.47,4166.375,5084.38,8580.88,855.0,100
402,1140.81,316.6666666660458,3.86,3.66,1756.8214285708964,2492.25,7359.5,238.0,100
403,1795.14,544.0,3.962,3.517,3737.821999999695,4652.22,8360.35,703.0,100
404,2018.08,685.6000000000931,3.994,3.446,4443.558999999892,5372.36,8710.62,928.0,100
405,5951.2,1220.1353285714576,4.014,3.501,5017.496000000014,5962.21,5962.21,1104.0,100
406,984.78,267.4285714291036,3.822,3.697,1376.3129999991506,1988.31,7090.06,62.0,100
407,1137.19,313.0285714287311,3.857,3.668,1762.035285713151,2456.32,7417.41,184.0,100
408,191180.17,168943.6839999985,4.228,3.353,54540.004000000656,65881.38,65881.38,198.0,100
409,1014.75,283.25,3.823,3.814,1155.25,1932.0,7855.12,102.0,100
410,1119.91,321.60150000080466,3.849,3.807,1477.343999998644,2303.02,7935.33,199.0,100
411,1482.98,427.1999999992549,3.903,3.573,2714.35899999924,3572.36,8053.77,442.0,100
412,1836.03,570.0,3.97,3.495,3866.352999999188,4760.35,8389.41,753.0,100
413,1837.59,576.0,3.974,3.493,3854.344000001438,4760.34,8408.03,759.0,100
414,1255.62,350.09999999962747,3.877,3.909,1826.3440000005064,2708.34,7770.84,367.0,100
415,1907.16,611.2000000001863,3.976,3.789,3982.7120000002906,4940.31,8589.75,829.0,100
416,2121.79,751.9980000001378,4.0,3.415,4781.824000000488,5732.22,8950.82,996.0,100
417,1943.84,638.0,3.985,3.467,4198.712000000291,5120.31,8592.59,862.0,100
418,1234.19,342.0,3.878,3.639,1982.375,2744.38,7490.19,341.0,100
419,999.28,272.30769230797887,3.824,3.697,1394.375,2024.38,7226.06,73.0,100
420,1549.56,454.7142857145518,3.911,3.559,2930.375,3788.38,8136.09,479.0,100
421,1932.0,634.0,3.983,3.47,4166.375,5084.38,8580.88,855.0,100
422,940.75,253.40000000037253,3.814,3.705,1259.375,1880.38,7135.56,14.0,100
423,1646.34,470.1428571427241,3.94,3.555,3266.348999999464,4148.35,8140.45,606.0,100
424,1072.62,296.5714285708964,3.845,3.678,1592.313000002876,2276.31,7281.81,144.0,100
425,1315.72,364.5,3.895,3.623,2250.504714284092,3032.22,7652.28,384.0,100
426,1889.97,608.0,3.978,3.48,4018.713000000456,4940.31,8522.81,815.0,100
427,1769.25,534.0,3.96,3.517,3644.328999999911,4544.33,8317.92,693.0,100
428,1597.25,474.919142857194,3.919,3.544,3050.375,3932.38,8263.75,536.0,100
429,1468.38,423.4285714291036,3.896,3.578,2666.375,3500.38,8018.59,432.0,100
430,2130.69,765.6000000000931,4.007,3.408,4817.944000000134,5768.34,8896.53,1014.0,100
431,2115.12,757.2000000001863,4.005,3.414,4766.375,5732.38,8854.25,1005.0,100
432,1215.25,334.40000000037253,3.874,3.645,1957.517857143656,2708.38,7506.59,286.0,100
433,1634.79,471.4285714281723,3.947,3.54,3200.351999999956,4076.35,8050.24,630.0,100
434,1833.31,572.0,3.973,3.493,3848.313000001013,4760.31,8409.0,758.0,100
435,1593.25,473.0,3.923,3.541,3050.3120000008494,3932.31,8194.5,527.0,100
436,1822.09,566.0,3.97,3.498,3812.3829999994487,4724.38,8379.93,746.0,100
437,1956.41,642.0,3.985,3.466,4244.343999999575,5192.34,8615.66,870.0,100
438,1107.72,304.7272727265954,3.852,3.72574028869321,1674.6297142840922,2384.34,7386.81,167.0,100
439,1407.39,391.1999999992549,3.9,3.618,2510.351999999956,3320.35,7949.47,414.0,100
440,1041.69,286.90909090824425,3.839,3.683,1502.313000002876,2168.31,7238.12,114.0,100
441,2020.78,685.6000000000931,3.994,3.447,4454.375,5408.38,8719.75,924.0,100
442,1235.69,342.5,3.88,3.635,2024.3129999991504,2780.38,7484.38,336.0,100
443,1797.15,544.0,3.961,3.518,3740.3519999999553,4652.35,8358.88,704.0,100
444,1295.75,358.5,3.891,3.623,2198.344000000506,2996.34,7632.0,376.0,100
445,2049.09,708.0,3.998,3.435,4544.25,5480.25,8772.62,955.0,100
446,1234.38,341.69999999925494,3.88,3.636,2012.3129999991504,2780.31,7470.06,335.0,100
447,1898.62,608.0,3.979,3.479,4052.375,4976.38,8546.41,821.0,100
448,1602.95,461.0,3.944,3.545,3097.1749999998137,3968.38,8050.02,612.0,100
449,2079.97,727.2000000001863,4.001,3.427,4652.281000000425,5588.28,8807.45,978.0,100
450,1621.17,466.0,3.94,3.552,3176.35899999924,4040.36,8069.28,595.0,100
451,1255.44,347.0,3.886,3.631,2060.375,2816.38,7580.56,352.0,100
452,1896.72,608.7999999998137,3.979,3.479,4046.311999999918,4976.31,8509.81,820.0,100
453,1864.94,590.375,3.982,3.711,3892.344000000506,4844.0,8606.99,781.0,100
454,2177.34,795.0,4.008,3.394,4961.920000000158,5912.32,9058.18,1044.0,100
455,1581.88,466.2857142854482,3.921,3.543,3020.375,3896.38,8164.44,519.0,100
456,2111.19,753.0,4.005,3.414,4748.375,5696.38,8860.06,1002.0,100
457,435251.49,263086.078,4.267,3.086,269.98399999999674,443700.02,443700.02,1102.0,100
458,1242.12,343.3333333339542,3.88,3.635,2013.964285714552,2780.25,7503.75,339.0,100
459,1906.81,609.5999999996275,3.978,3.485,4097.919999998994,5012.32,8512.1,797.0,100
460,1255.62,350.09999999962747,3.877,3.909,1826.3440000005064,2708.34,7770.84,367.0,100
461,1850.19,583.2000000001863,3.975,3.491,3902.375,4832.38,8395.34,767.0,100
462,1235.58,340.0,3.878,3.644,2029.400857143104,2780.26,7555.91,304.0,100
463,65022.75,29813.487,4.29,3.398,5480.992000000013,53213.54,56699.65,1107.0,100
464,1321.59,365.5,3.895,3.621,2265.964285714552,3068.25,7680.44,386.0,100
465,960.22,259.40000000037253,3.813,3.703,1304.3440000005066,1916.34,7230.12,49.0,100
466,1107.72,304.7272727265954,3.852,3.672,1674.6297142840922,2384.34,7386.81,167.0,100
467,1782.72,544.0,3.967,3.505,3680.328000000678,4580.33,8340.91,718.0,100
468,1182.19,327.3333333339542,3.863,3.646,1926.628714285791,4204.28,7070.44,279.0,100
469,2003.97,668.0,3.988,3.458,4400.350999999791,5336.35,8736.58,896.0,100
470,1237.86,340.0,3.878,3.644,2044.8914285711944,2816.32,7547.62,306.0,100
471,1284.22,354.9333333335817,3.889,3.625,2156.18799999915,2960.19,7600.59,373.0,100
472,1131.38,312.51428571529686,3.859,3.662,1731.1701428554952,2456.31,7386.12,224.0,100
473,1138.14,312.6666666660458,3.857,3.666,1767.2091428544372,2492.35,7415.2,185.0,100
474,1564.19,461.0,3.911,3.557,2972.3120000008494,3824.31,8162.56,484.0,100
475,1576.81,480.0,3.914,3.741,2919.3120000008494,3871.0,8444.38,538.0,100
476,1315.72,364.5,3.895,3.623,2250.504714284092,3032.22,7652.28,384.0,100
477,1228.56,338.40000000037253,3.88,3.637,1988.3129999991504,2744.31,7473.19,328.0,100
478,2165.54,788.0,4.008,3.399,4928.319999999832,5876.32,9027.49,1039.0,100
479,1215.09,334.40000000037253,3.874,3.644,1957.486857144162,2708.34,7536.75,284.0,100
480,1207.12,334.0,3.873,3.646,1931.740571429953,2672.31,7517.53,281.0,100
481,1734.18,520.0,3.959,3.519,3529.154999999329,4436.35,8199.75,673.0,100
482,2111.19,753.0,4.005,3.414,4748.375,5696.38,8860.06,1002.0,100
483,2165.54,788.0,4.008,3.399,4928.319999999832,5876.32,9027.49,1039.0,100
484,1636.25,473.1428571427241,3.945,3.544,3176.3199999993667,4076.32,8085.09,633.0,100
485,1601.06,476.5714285708964,3.924,3.54,3074.3120000008494,3932.31,8236.25,531.0,100
486,991.22,269.8021978009492,3.824,3.697,1389.843999998644,2024.34,7173.72,65.0,100
487,1779.66,544.9741666661575,3.967,3.506,3668.23399999924,4580.23,8300.17,716.0,100
488,1214.78,335.0,3.874,3.645,1952.375,2708.38,7490.38,283.0,100
489,1839.71,572.0,3.97,3.496,3872.352000000887,4796.35,8429.73,754.0,100
490,1575.94,466.7142857145518,3.92,3.544,3003.5129999984056,3860.31,8133.75,517.0,100
491,1016.83,277.84615384601057,3.828,3.692,1452.8440000005066,2096.34,7256.48,84.0,100
492,1589.56,473.1428571436554,3.923,3.541,3038.31299999915,3896.31,8149.5,523.0,100
493,2186.25,806.4380000003148,4.043,3.391,4960.843499999959,5937.38,9027.75,1052.0,100
494,940.75,252.0,3.811,3.705,1268.25,1880.25,7157.94,21.0,100
495,1636.06,492.0,3.93,3.532,3200.375,4076.38,8279.0,557.0,100
496,1790.88,540.0,3.961,3.517,3716.352000000887,4616.35,8378.31,701.0,100
497,1886.81,606.0,3.978,3.48,4011.575000000186,4940.38,8492.09,813.0,100
498,1238.62,343.19999999925494,3.878,3.637,2000.3129999991504,2780.31,7536.06,340.0,100
499,1943.84,638.0,3.985,3.467,4198.712000000291,5120.31,8592.59,862.0,100
500,1151.44,318.0,3.864,3.658,1772.1870000008494,2492.19,7364.81,234.0,100
501,1877.01,598.0,3.977,3.487,3992.3439999995753,4904.34,8447.61,784.0,100
502,2221.02,842.405999999959,4.046,3.378,5076.2660000000615,6049.28,9112.14,1077.0,100
503,2206.88,823.219000000041,4.045,3.382,5027.280999999959,6000.25,9091.78,1064.0,100
504,1857.72,584.0,3.975,3.491,3925.1749999998137,4832.38,8439.19,771.0,100
505,1359.47,376.80000000074506,3.898,3.616,2384.375,3176.38,7734.75,401.0,100
506,2261.34,883.1999999999534,4.038,3.901,1949.6640000001064,2922.69,6070.11,1096.0,100
507,1467.44,421.7142857145518,3.897,3.578,2660.344000000506,3500.34,8032.88,430.0,100
508,1268.62,351.3333333339542,3.886,3.631,2106.5977142862976,2888.31,7554.06,362.0,100
509,1180.25,324.6666666660458,3.87,3.651,1862.1879999991504,2600.19,7455.31,260.0,100
510,1216.59,336.0,3.875,3.644,1957.486857144162,2708.34,7512.5,285.0,100
511,1028.62,282.7142857145518,3.836,3.685,1479.875,2132.38,7197.0,106.0,100
512,2078.72,727.2000000001863,4.001,3.428,4645.191000000108,5588.39,8820.2,977.0,100
513,2186.25,806.4380000003148,4.043,3.391,4960.843499999959,5937.38,9027.75,1052.0,100
514,1879.31,598.4000000003725,3.977,3.482,3989.974999999628,4904.38,8457.62,808.0,100
515,1737.91,525.5940000005066,3.961,3.726,3465.375,4416.99,8468.41,685.0,100
516,1239.74,340.80000000074506,3.877,3.645,2044.8604285698384,2816.29,7539.11,309.0,100
517,1168.28,322.0,3.863,3.655,1833.9332857150584,2564.22,7375.38,265.0,100
518,1305.53,363.5,3.884,3.902,2000.375,2852.38,7894.44,391.0,100
519,1971.36,653.5999999996275,3.987,3.482,4292.344000000507,5228.34,8640.55,882.0,100
520,1136.16,312.1904761902988,3.861,3.663,1751.7795714307576,2456.35,7396.52,201.0,100
521,1406.34,388.80000000074506,3.906,3.611,2564.2220000009984,3356.22,7750.91,411.0,100
522,1828.03,568.0,3.97,3.497,3831.5830000014976,4760.38,8381.18,749.0,100
523,2030.14,692.7999999998137,3.995,3.443,4486.728000000119,5444.33,8684.33,936.0,100
524,1693.8646341951974,502.80449999962,3.958,3.729,3318.375,4270.02,8380.2,659.0,100
525,1243.62,343.80000000074506,3.884,3.636,2024.25,2780.25,7550.25,345.0,100
526,1611.62,475.4285714291036,3.916,3.556,3134.3519999980927,4004.35,8233.38,508.0,100
527,1160.06,320.0,3.864,3.655,1834.089285714552,2564.38,7523.44,245.0,100
528,1779.66,544.9741666661575,3.967,3.506,3668.23399999924,4580.23,8300.17,716.0,100
529,1606.88,494.375,3.917,3.73,3045.281000001356,3997.03,8388.59,562.0,100
530,1207.12,334.0,3.873,3.646,1931.740571429953,2672.31,7517.53,281.0,100
531,1620.49,468.0,3.945,3.542,3152.36233333312,4040.35,8036.35,622.0,100
532,1228.28,351.6019999999553,3.874,3.802,1785.25,2646.02,7979.39,295.0,100
533,1837.59,576.0,3.974,3.493,3854.344000001438,4760.34,8408.03,759.0,100
534,2026.05,691.2000000001863,3.994,3.444,4478.25,5408.25,8705.12,934.0,100
535,1508.93,438.0,3.903,3.569,2798.322999998927,3644.32,8044.45,460.0,100
536,1718.34,512.0,3.957,3.522,3471.5429999995977,4364.34,8215.94,665.0,100
537,1354.17,375.0,3.897,3.617,2378.3589999973774,3176.36,7713.56,400.0,100
538,1894.53,608.7999999998137,3.979,3.479,4034.375,4976.38,8510.03,818.0,100
539,994.03,272.30769230797887,3.825,3.696,1396.9464285708964,2024.38,7197.66,67.0,100
540,1779.66,544.9741666661575,3.967,3.506,3668.23399999924,4580.23,8300.17,716.0,100
541,2143.12,774.0,4.008,3.407,4853.943000000436,5804.34,8977.41,1020.0,100
542,6008.07,1065.3720591132296,4.045,3.48,5033.075769230723,5954.47,5954.47,1098.0,100
543,1407.39,391.1999999992549,3.9,3.618,2510.351999999956,3320.35,7949.47,414.0,100
544,1497.47,435.4285714291036,3.905,3.57,2765.857999999076,3608.26,8021.63,452.0,100
545,1919.26,614.0,3.977,3.486,4106.352000000887,5012.35,8624.83,803.0,100
546,1610.78,464.1428571427241,3.944,3.543,3122.218999999576,4004.25,8031.55,617.0,100
547,2177.34,795.0,4.008,3.394,4961.920000000158,5912.32,9058.18,1044.0,100
548,1232.95,337.49612499959767,3.877,3.644,2006.288999998942,2744.29,7586.09,299.0,100
549,2036.9,694.3999999999069,3.994,3.442,4514.319999999832,5444.32,8750.37,940.0,100
550,1041.5,286.90909090824425,3.839,3.682,1510.0892857145518,2168.38,7175.94,112.0,100
551,1742.3,525.0,3.959,3.519,3557.952000000514,4472.35,8252.35,676.0,100
552,1976.89,655.2000000001863,3.987,3.461,4313.958999999799,5264.36,8656.77,885.0,100
553,2154.69,782.3999999999069,4.008,3.402,4897.158999999519,5840.36,8974.28,1033.0,100
554,1214.56,334.6666666660458,3.877,3.639,1962.535714285448,2708.25,7461.19,322.0,100
555,1994.91,672.0,3.992,3.451,4370.313000000082,5300.31,8638.31,909.0,100
556,1595.81,474.0,3.924,3.539,3062.3120000008494,3932.31,8222.94,528.0,100
557,1138.14,312.6666666660458,3.857,3.666,1767.2091428544372,2492.35,7415.2,185.0,100
558,1407.39,391.1999999992549,3.9,3.618,2510.351999999956,3320.35,7949.47,414.0,100
559,1737.91,525.5940000005066,3.961,3.726,3465.375,4416.99,8468.41,685.0,100
560,1018.22,277.84615384601057,3.828,3.693,1448.218999998644,2096.22,7291.39,83.0,100
561,1581.88,466.2857142854482,3.921,3.543,3020.375,3896.38,8164.44,519.0,100
562,1545.34,453.40642857179046,3.91,3.56,2912.4680000003427,3788.47,8151.09,477.0,100
563,925.25,246.0,3.808,3.707,1232.25,1844.25,6985.12,3.0,100
564,1908.62,616.0,3.979,3.477,4082.375,5012.38,8532.47,826.0,100
565,1845.12,580.0,3.975,3.493,3878.3439999995753,4796.34,8430.84,764.0,100
566,2018.94,687.6000000000931,3.994,3.445,4448.35999999987,5408.36,8701.61,929.0,100
567,1643.59,504.0,3.921,3.729,3157.375,4116.0,8579.94,586.0,100
568,7393.76,1112.991999999991,4.249,3.224,5508.993000000002,6762.02,10420.38,1110.0,100
569,2076.56,723.6000000000931,4.0,3.429,4637.913000000175,5588.31,8812.88,971.0,100
570,1138.53,314.6666666660458,3.859,3.664,1751.7485714294016,2456.32,7396.09,206.0,100
571,1237.86,340.0,3.878,3.644,2044.8914285711944,2816.32,7547.62,306.0,100
572,1141.88,316.6666666660458,3.86,3.663,1736.3129999991506,2456.31,7342.56,241.0,100
573,1145.18,316.2857142854482,3.858,3.662,1782.639714287594,2492.35,7444.35,212.0,100
574,1909.73,608.0,3.978,3.485,4105.023000000976,5012.22,8550.15,798.0,100
575,1883.25,600.0,3.978,3.488,4011.513000000268,4940.31,8505.31,787.0,100
576,5955.3,1220.1353285714576,4.013,3.501,5017.494999999995,5967.55,5967.55,1105.0,100
577,1753.83,527.0117499995977,3.959,3.518,3593.9589999988675,4508.36,8258.47,687.0,100
578,1885.31,598.4000000003725,3.978,3.487,4018.743999999948,4940.34,8510.02,788.0,100
579,1717.18,509.0,3.954,3.526,3488.3209999995306,4364.32,8230.5,653.0,100
580,1137.19,313.0285714287311,3.857,3.668,1762.035285713151,2456.32,7417.41,184.0,100
581,1107.44,305.3333333339542,3.851,3.672,1673.21799999848,2348.22,7314.94,168.0,100
582,1147.39,318.0,3.857,3.662,1784.320000000298,2492.32,7470.59,213.0,100
583,1402.72,388.80000000074506,3.907,3.612,2552.351999999956,3356.35,7755.65,410.0,100
584,1540.66,452.1428571436554,3.91,3.561,2888.219000000506,3752.22,8134.34,474.0,100
585,1073.88,296.0,3.845,3.675,1596.938000002876,2276.44,7361.56,135.0,100
586,1761.23,530.0,3.96,3.518,3615.4189999997616,4508.22,8298.66,690.0,100
587,1632.26,473.1428571427241,3.947,3.54,3190.751000000164,4076.38,8076.51,628.0,100
588,1505.15,435.4285714291036,3.903,3.572,2792.4809999987483,3644.48,8077.15,458.0,100
589,2060.94,715.2000000001863,3.999,3.432,4586.344000000507,5552.34,8776.62,963.0,100
590,2001.22,675.2000000001863,3.992,3.45,4393.143999999389,5336.34,8663.38,914.0,100
591,1992.42,662.4000000003725,3.987,3.46,4364.350999999791,5300.35,8691.45,892.0,100
592,2091.2,736.7999999998137,4.001,3.425,4688.328000000212,5624.33,8845.25,984.0,100
593,1701.44,503.0,3.953,3.528,3434.2890000008047,4328.29,8182.88,647.0,100
594,1401.22,388.80000000074506,3.907,3.611,2540.3560000024736,3356.36,7743.14,409.0,100
595,2052.81,711.6000000000931,3.998,3.434,4558.74300000025,5516.34,8734.62,958.0,100
596,948.62,255.4285714291036,3.815,3.704,1286.25,1880.25,7087.31,32.0,100
597,1077.69,297.02991428785026,3.846,3.675,1601.311999997124,2276.31,7367.12,139.0,100
598,2221.02,842.405999999959,4.046,3.378,5076.2660000000615,6049.28,9112.14,1077.0,100
599,1022.75,281.2747252751142,3.829,3.692,1470.8820000011474,2132.38,7283.07,90.0,100
600,1231.5,340.0,3.88,3.636,1993.455857142806,2744.31,7468.81,330.0,100
601,1545.88,463.125,3.91,3.744,2807.25,3752.0,8415.62,514.0,100
602,1635.81,474.4285714281723,3.947,3.54,3206.321000000462,4076.32,8070.05,631.0,100
603,2020.77,687.6000000000931,3.994,3.445,4454.328000000212,5408.33,8698.22,931.0,100
604,1024.32,281.2747252751142,3.829,3.693,1475.258000003174,2132.26,7256.93,91.0,100
605,2051.17,704.0,3.995,3.438,4556.339333333075,5516.32,8789.41,945.0,100
606,1176.81,324.0,3.869,3.652,1856.375,2600.38,7414.69,256.0,100
607,1234.38,341.69999999925494,3.88,3.636,2012.3129999991504,2780.31,7470.06,335.0,100
608,1999.81,675.5751999998465,3.991,3.451,4388.311999999918,5336.31,8671.97,913.0,100
609,1227.19,340.0,3.876,3.641,1962.5987142845988,2744.31,7494.12,342.0,100
610,1598.88,475.2857142854482,3.925,3.54,3068.3120000008494,3932.31,8240.88,530.0,100
611,1149.69,316.0,3.864,3.658,1772.3120000008494,2492.31,7372.75,235.0,100
612,1625.63,470.5714285718277,3.946,3.541,3169.121000000276,4040.32,8056.26,625.0,100
613,2024.38,687.2020666664466,3.994,3.444,4472.312000000384,5408.31,8708.16,933.0,100
614,991.97,271.54285714402795,3.818,3.943,1082.3440000005066,1844.34,7758.19,75.0,100
615,1366.11,379.5,3.9,3.617,2414.3209999986,3212.32,7691.17,405.0,100
616,1750.38,526.0,3.958,3.523,3565.143999999389,4472.34,8301.91,683.0,100
617,1305.53,363.5,3.884,3.902,2000.375,2852.38,7894.44,391.0,100
618,952.62,257.48571428470314,3.816,3.704,1286.3129999991506,1916.31,7064.31,30.0,100
619,1046.81,289.7142857145518,3.837,3.684,1511.311999997124,2168.31,7375.56,124.0,100
620,2020.39,686.992249999661,3.995,3.445,4450.743999999482,5408.34,8709.16,930.0,100
621,1611.62,475.4285714291036,3.916,3.556,3134.3519999980927,4004.35,8233.38,508.0,100
622,1232.25,338.6666666660458,3.875,3.643,2003.7415714282545,2744.31,7575.81,298.0,100
623,1974.08,652.0,3.987,3.462,4306.713000000455,5228.31,8620.47,884.0,100
624,1185.78,327.3333333339542,3.869,3.65,1880.25,2636.25,7381.09,277.0,100
625,1223.12,338.6666666660458,3.879,3.638,1976.312000000849,2744.31,7457.88,325.0,100
626,1908.06,616.0,3.979,3.475,4085.700000000186,5014.5,8529.51,832.0,100
627,1012.61,275.7692307699472,3.828,3.693,1443.8129999991506,2096.31,7231.2,80.0,100
628,1069.28,296.88311688415706,3.839,3.931,1292.375,2096.38,7767.28,149.0,100
629,5945.44,1216.920914285729,4.014,3.501,5009.993666666647,5954.91,5954.91,1103.0,100
630,1927.2,626.4000000003725,3.98,3.471,4148.351000000723,5084.35,8560.48,845.0,100
631,958.66,256.81299999915063,3.806,3.819,1004.8904999997468,1756.97,7889.16,51.0,100
632,1030.44,283.4285714291036,3.836,3.685,1475.375,2132.38,7278.0,107.0,100
633,1228.48,338.09999999962747,3.875,3.644,2003.6475714296105,2744.22,7496.64,301.0,100
634,959.12,258.8571428563446,3.817,3.702,1308.875,1916.38,7094.12,38.0,100
635,1608.36,462.8571428572759,3.943,3.543,3116.35899999924,4004.36,8032.36,616.0,100
636,1216.59,336.0,3.875,3.644,1957.486857144162,2708.34,7512.5,285.0,100
637,1987.56,668.7999999998137,3.991,3.453,4346.343499999959,5300.31,8610.0,904.0,100
638,1709.41,506.5714285718277,3.957,3.523,3440.39100000076,4328.39,8212.55,661.0,100
639,2114.24,747.6000000000931,4.001,3.419,4760.351999999955,5696.35,8932.74,993.0,100
640,1779.75,540.0,3.961,3.517,3686.352000000887,4580.35,8345.21,697.0,100
641,1472.66,426.0,3.896,3.578,2672.31299999915,3536.31,8042.94,437.0,100
642,1654.91,502.0154999997467,3.932,3.526,3260.344000000506,4148.34,8261.44,571.0,100
643,1963.03,646.4000000003725,3.986,3.464,4270.7750000003725,5192.38,8609.84,873.0,100
644,1903.66,614.4000000003725,3.979,3.476,4070.344000000506,5012.34,8523.25,824.0,100
645,1654.91,502.0154999997467,3.932,3.526,3260.344000000506,4148.34,8261.44,571.0,100
646,1014.91,277.05494505539536,3.828,3.693,1448.375,2096.38,7241.56,81.0,100
647,1012.61,275.7692307699472,3.828,3.693,1443.8129999991506,2096.31,7231.2,80.0,100
648,1893.53,610.0,3.979,3.479,4033.018999999389,4940.22,8541.72,817.0,100
649,1304.75,361.3333333339542,3.892,3.622,2210.4059999994934,2996.41,7624.44,378.0,100
650,1880.84,600.7999999998137,3.978,3.487,4004.31200000085,4940.31,8481.28,786.0,100
651,2147.06,763.2180000003427,4.018,3.653,4816.311999999918,5788.97,9007.12,1024.0,100
652,2063.19,716.7814000002109,3.999,3.431,4592.311999999918,5552.31,8806.03,964.0,100
653,1147.42,317.19999999925494,3.857,3.662,1777.4308571442962,2492.29,7628.77,214.0,100
654,1192.16,329.3333333339542,3.872,3.651,1859.678571429104,2600.25,7469.03,274.0,100
655,1953.62,642.0,3.986,3.465,4232.313000000082,5156.31,8601.12,868.0,100
656,1587.91,470.8571428563446,3.916,3.555,3046.729000000283,3896.33,8220.27,498.0,100
657,2050.28,712.0,3.998,3.435,4550.406000000425,5516.41,8748.69,956.0,100
658,1989.94,666.3999999999069,3.991,3.453,4349.913000000175,5300.31,8681.19,905.0,100
659,2162.18,783.6000000000931,4.008,3.401,4916.321000000462,5876.32,9008.32,1037.0,100
660,1786.27,542.0,3.962,3.517,3701.9199999999255,4616.32,8371.49,699.0,100
661,2130.69,765.6000000000931,4.007,3.408,4817.944000000134,5768.34,8896.53,1014.0,100
662,1737.91,525.5940000005066,3.961,3.726,3465.375,4416.99,8468.41,685.0,100
663,1151.44,318.0,3.864,3.658,1772.1870000008494,2492.19,7364.81,234.0,100
664,1719.68,508.7142857145518,3.953,3.526,3500.35599999968,4400.36,8225.7,654.0,100
665,1145.18,316.2857142854482,3.858,3.662,1782.639714287594,2492.35,7444.35,212.0,100
666,1724.87,516.0,3.959,3.521,3493.151999999769,4400.35,8241.89,668.0,100
667,1401.22,388.80000000074506,3.907,3.611,2540.3560000024736,3356.36,7743.14,409.0,100
668,1044.12,287.2857142854482,3.837,3.682,1520.375,2168.38,7255.12,120.0,100
669,1598.88,475.2857142854482,3.925,3.54,3068.3120000008494,3932.31,8240.88,530.0,100
670,1981.09,656.7999999998137,3.988,3.461,4328.328999999911,5264.33,8654.41,887.0,100
671,1278.41,352.80000000074506,3.888,3.627,2132.3120000008494,2924.31,7595.19,370.0,100
672,2056.25,713.6000000000931,3.999,3.433,4565.913000000175,5516.31,8781.31,960.0,100
673,1100.66,303.4285714291036,3.851,3.671,1659.2631428539753,2348.41,7374.03,158.0,100
674,977.38,265.7142857145518,3.821,3.7,1349.3430000003427,1988.34,7086.25,58.0,100
675,1621.17,466.0,3.94,3.552,3176.35899999924,4040.36,8069.28,595.0,100
676,2039.71,698.3999999999069,3.995,3.441,4522.7209999994375,5480.32,8740.1,941.0,100
677,2036.9,694.3999999999069,3.994,3.442,4514.319999999832,5444.32,8750.37,940.0,100
678,1255.5,347.3333333339542,3.885,3.632,2055.169142857194,2816.31,7449.0,357.0,100
679,1024.54,280.7142857145518,3.828,3.694,1470.8509999997914,2132.35,7193.76,94.0,100
680,1745.12,526.0,3.959,3.519,3565.120000000112,4472.32,8231.58,677.0,100
681,1595.81,474.0,3.924,3.539,3062.3120000008494,3932.31,8222.94,528.0,100
682,1997.06,673.6000000000931,3.992,3.451,4378.712999999989,5336.31,8680.31,911.0,100
683,1862.91,590.4000000003725,3.976,3.49,3944.312999999151,4868.31,8461.66,774.0,100
684,1018.22,277.84615384601057,3.828,3.693,1448.218999998644,2096.22,7291.39,83.0,100
685,1040.25,286.2857142854482,3.839,3.684,1502.375,2168.38,7188.44,117.0,100
686,2115.12,757.2000000001863,4.005,3.414,4766.375,5732.38,8854.25,1005.0,100
687,2186.25,806.4380000003148,4.043,3.391,4960.843499999959,5937.38,9027.75,1052.0,100
688,1178.69,324.90000000037253,3.87,3.652,1856.312000000849,2600.31,7455.62,257.0,100
689,2084.55,731.2000000001863,4.001,3.426,4666.712999999989,5624.31,8807.3,981.0,100
690,1849.16,581.0,3.975,3.492,3896.25,4796.25,8419.62,766.0,100
691,2030.14,692.7999999998137,3.995,3.443,4486.728000000119,5444.33,8684.33,936.0,100
692,1144.77,316.0,3.86,3.661,1767.1151428557932,2492.29,7487.62,204.0,100
693,2056.25,713.6000000000931,3.999,3.433,4565.913000000175,5516.31,8781.31,960.0,100
694,962.88,260.11428571492434,3.817,3.702,1313.375,1952.38,7087.38,42.0,100
695,1612.67,476.12957142852247,3.915,3.558,3128.31799999997,4004.32,8288.48,509.0,100
696,1256.81,347.73333333432674,3.886,3.632,2055.169142857194,2816.31,7512.44,356.0,100
697,1204.09,332.6666666660458,3.871,3.649,1922.327999999747,2672.33,7451.42,290.0,100
698,1725.02,508.0,3.949,3.829,3154.848000000231,4148.45,8557.54,658.0,100
699,2117.62,756.7999999998137,4.006,3.412,4767.513000000268,5732.31,8905.44,1006.0,100
700,1672.72,510.0,3.928,3.534,3260.25,4148.25,8310.75,584.0,100
701,1110.84,304.9714285712689,3.852,3.671,1682.343999998644,2384.34,7376.06,170.0,100
702,1822.09,566.0,3.97,3.498,3812.3829999994487,4724.38,8379.93,746.0,100
703,2138.88,770.0,4.008,3.407,4839.513000000268,5804.31,8950.19,1018.0,100
704,190639.55,178781.4140000008,4.247,3.323,59789.98600000143,71163.81,71163.81,513.0,100
705,1864.75,590.4000000003725,3.975,3.49,3956.375,4868.38,8464.0,775.0,100
706,1410.59,390.9000000003725,3.904,3.613,2558.3820000011474,3356.38,7853.76,413.0,100
707,1703.94,502.8571428572759,3.953,3.529,3440.351999999024,4328.35,8193.48,648.0,100
708,2033.47,694.7999999998137,3.994,3.443,4501.121000000276,5444.32,8731.49,938.0,100
709,950.31,256.5714285708964,3.816,3.704,1281.875,1880.38,7056.81,31.0,100
710,1966.09,648.0,3.986,3.464,4277.925400000066,5228.31,8622.12,874.0,100
711,1690.41,516.0,3.939,3.517,3404.375,4292.38,8296.06,591.0,100
712,2035.27,694.7999999998137,3.995,3.442,4508.351999999955,5444.35,8747.84,939.0,100
713,1310.66,362.6999999992549,3.894,3.622,2234.3430000003427,3032.34,7647.91,382.0,100
714,2239.56,859.1960000002291,4.044,3.377,5139.368000000017,6112.36,9179.43,1088.0,100
715,989.31,269.010989010334,3.823,3.697,1381.5498571433127,2024.41,7196.25,64.0,100
716,1138.14,312.6666666660458,3.857,3.666,1767.2091428544372,2492.35,7415.2,185.0,100
717,1145.02,314.6666666660458,3.857,3.669,1781.3509999997914,2492.35,7414.82,192.0,100
718,1872.2,594.0,3.976,3.488,3980.3600000003353,4904.36,8480.42,782.0,100
719,1039.44,286.2857142854482,3.839,3.683,1502.375,2168.38,7230.38,110.0,100
720,2067.62,722.3938000001945,4.0,3.431,4604.313000000082,5552.31,8805.75,966.0,100
721,1611.62,475.4285714291036,3.916,3.556,3134.3519999980927,4004.35,8233.38,508.0,100
722,1779.75,540.0,3.961,3.517,3686.352000000887,4580.35,8345.21,697.0,100
723,2148.48,778.3999999999069,4.008,3.404,4875.512999999803,5840.31,8930.36,1029.0,100
724,1994.91,672.0,3.992,3.451,4370.313000000082,5300.31,8638.31,909.0,100
725,1140.93,313.59999999962747,3.857,3.667,1777.4938571434468,2492.35,7491.55,186.0,100
726,1874.72,596.0,3.975,3.493,3956.344000001438,4868.34,8496.25,779.0,100
727,1071.75,294.3428571429104,3.843,3.678,1587.1745714321733,2276.34,7303.25,147.0,100
728,1093.22,300.17142857052386,3.849,3.673,1648.8834285717458,2348.31,7326.59,154.0,100
729,1126.27,310.9714285712689,3.849,3.675,1710.6697142869234,2420.38,7640.61,196.0,100
730,2083.19,731.2000000001863,4.001,3.427,4659.512000000104,5624.31,8812.31,980.0,100
731,1836.96,570.0,3.966,3.799,3687.391999999993,4652.19,8487.26,756.0,100
732,1393.18,389.4000000003725,3.885,3.598,2580.3199999984354,4600.38,10252.38,415.0,100
733,1629.89,474.0,3.947,3.54,3188.3240000000224,4076.32,8055.01,627.0,100
734,1488.0,433.7142857145518,3.905,3.571,2780.351999999956,3608.35,8028.67,454.0,100
735,1462.69,421.7142857145518,3.898,3.579,2643.5120000001043,3500.31,8014.78,427.0,100
736,1211.94,335.46666666679084,3.877,3.641,1952.375,2708.38,7439.38,321.0,100
737,1581.88,466.2857142854482,3.921,3.543,3020.375,3896.38,8164.44,519.0,100
738,1105.16,303.9428571444005,3.852,3.672,1669.3928571436554,2348.25,7374.5,164.0,100
739,2111.11,744.0,4.001,3.419,4753.151999999303,5696.35,8918.18,992.0,100
740,1703.94,502.8571428572759,3.953,3.529,3440.351999999024,4328.35,8193.48,648.0,100
741,1144.56,316.80000000074506,3.861,3.658,1772.375,2492.38,7409.12,228.0,100
742,1966.09,648.0,3.986,3.464,4277.925400000066,5228.31,8622.12,874.0,100
743,1167.56,322.6666666660458,3.865,3.654,1828.915428571403,2564.34,7364.97,264.0,100
744,1906.81,609.5999999996275,3.978,3.485,4097.919999998994,5012.32,8512.1,797.0,100
745,2058.47,716.9922500001267,3.999,3.433,4574.311999999918,5516.31,8743.38,962.0,100
746,2014.19,682.3855333332904,3.993,3.447,4436.343000000343,5372.34,8691.94,921.0,100
747,1228.88,340.0,3.88,3.637,1993.517857143656,2744.38,7489.62,329.0,100
748,1362.88,378.1714285705239,3.899,3.616,2396.2579999994487,3212.26,7720.03,403.0,100
749,1529.44,449.0,3.907,3.563,2852.343999998644,3716.34,8095.56,468.0,100
750,1769.25,534.0,3.96,3.517,3644.328999999911,4544.33,8317.92,693.0,100
751,1915.1,612.0,3.978,3.485,4118.35099999886,5048.35,8580.9,800.0,100
752,1134.94,314.0,3.86,3.661,1741.5178571436554,2456.38,7393.06,226.0,100
753,1231.94,340.0,3.876,3.644,1993.5248571410773,2744.38,7507.39,300.0,100
754,1178.69,324.90000000037253,3.87,3.652,1856.312000000849,2600.31,7455.62,257.0,100
755,973.53,264.19999999925494,3.82,3.699,1340.406000001356,1952.41,7133.5,52.0,100
756,1235.58,340.0,3.878,3.644,2029.400857143104,2780.26,7555.91,304.0,100
757,1592.19,473.0,3.924,3.541,3044.25,3932.25,8163.06,525.0,100
758,1824.88,566.4369999989867,3.978,3.712,3759.438000001013,4711.0,8528.44,757.0,100
759,2036.9,694.3999999999069,3.994,3.442,4514.319999999832,5444.32,8750.37,940.0,100
760,1189.31,340.79649999924004,3.867,3.809,1638.343999998644,2478.0,7912.53,271.0,100
761,2058.47,716.9922500001267,3.999,3.433,4574.311999999918,5516.31,8743.38,962.0,100
762,1849.16,581.0,3.975,3.492,3896.25,4796.25,8419.62,766.0,100
763,1606.06,459.8571428572759,3.943,3.544,3110.360000000336,4004.36,8019.17,615.0,100
764,1472.38,423.0,3.897,3.577,2672.343999998644,3536.34,8033.84,433.0,100
765,1144.25,316.80000000074506,3.86,3.659,1784.25,2528.25,7356.0,243.0,100
766,1697.25,502.0,3.952,3.53,3416.3520000008866,4292.35,8180.1,645.0,100
767,1625.86,468.8571428572759,3.939,4.053,302.3519999999553,1124.35,5277.63,634.0,100
768,2143.12,774.0,4.008,3.407,4853.943000000436,5804.34,8977.41,1020.0,100
769,1845.12,580.0,3.975,3.493,3878.3439999995753,4796.34,8430.84,764.0,100
770,1717.18,509.0,3.954,3.526,3488.3209999995306,4364.32,8230.5,653.0,100
771,6019.9,1058.2797241378576,4.045,3.475,5053.842846153886,5980.77,5980.77,1100.0,100
772,1782.91,539.0,3.962,3.518,3692.352000000887,4580.35,8339.84,698.0,100
773,1196.41,330.0,3.87,3.913,1652.3440000005066,2492.34,7849.06,270.0,100
774,1065.25,292.05194805189967,3.846,3.677,1571.8035714291036,2240.38,7344.31,129.0,100
775,962.56,261.2142857145518,3.816,3.702,1309.4548571445048,1916.31,7078.06,43.0,100
776,1140.93,313.59999999962747,3.857,3.667,1777.4938571434468,2492.35,7491.55,186.0,100
777,1642.75,497.5714285708964,3.931,3.528,3212.3120000008494,4112.31,8239.59,564.0,100
778,1793.12,540.0,3.961,3.516,3728.285000000149,4616.29,8377.02,702.0,100
779,2035.27,694.7999999998137,3.995,3.442,4508.351999999955,5444.35,8747.84,939.0,100
780,1350.88,373.1999999992549,3.896,3.617,2360.31299999915,3176.31,7700.92,399.0,100
781,1231.38,341.69999999925494,3.88,3.637,1998.660714285448,2780.38,7441.62,333.0,100
782,939.5,252.75,3.812,3.705,1260.375,1880.38,7101.12,20.0,100
783,1908.34,614.4000000003725,3.978,3.478,4076.343000000343,5012.34,8534.06,827.0,100
784,2060.94,715.2000000001863,3.999,3.432,4586.344000000507,5552.34,8776.62,963.0,100
785,940.75,253.40000000037253,3.814,3.705,1259.375,1880.38,7135.56,14.0,100
786,2076.91,729.6000000000931,4.001,3.427,4640.359000000637,5588.36,8797.52,976.0,100
787,1915.1,612.0,3.978,3.485,4118.35099999886,5048.35,8580.9,800.0,100
788,2014.4,674.4000000003725,3.987,3.458,4412.479000000283,5336.48,8762.21,900.0,100
789,1075.75,296.10389610379934,3.845,3.677,1596.75,2276.25,7310.38,145.0,100
790,2239.56,859.1960000002291,4.044,3.377,5139.368000000017,6112.36,9179.43,1088.0,100
791,1945.41,637.5999999996275,3.985,3.467,4208.375,5156.38,8613.12,863.0,100
792,1883.34,600.0,3.977,3.48,3998.3439999995753,4940.34,8517.88,810.0,100
793,1794.86,551.2000000001863,3.967,3.502,3722.333333333954,4616.33,8330.28,725.0,100
794,1642.75,497.5714285708964,3.931,3.528,3212.3120000008494,4112.31,8239.59,564.0,100
795,960.5,260.0,3.816,3.701,1317.875,1952.38,7069.69,44.0,100
796,1592.87,473.1428571436554,3.916,3.556,3062.320000000298,3932.32,8259.8,500.0,100
797,2182.62,798.0,4.007,3.395,4969.152000000002,5912.35,9114.85,1046.0,100
798,967.25,261.82857142947614,3.817,3.702,1322.375,1952.38,7103.31,46.0,100
799,1533.31,450.0,3.908,3.563,2864.375,3716.38,8153.69,470.0,100
800,1440.22,430.7970000002533,3.884,3.764,2492.281000001356,3430.02,8405.56,441.0,100
801,1106.28,304.45714285597205,3.851,3.671,1682.375,2384.38,7374.81,169.0,100
802,2163.77,786.0,4.008,3.401,4918.790999999736,5876.39,9027.52,1038.0,100
803,1206.41,332.0,3.874,3.646,1928.343999998644,2672.34,7567.38,280.0,100
804,2125.78,762.0,4.006,3.411,4796.313000000082,5768.31,8913.22,1011.0,100
805,1231.39,339.0,3.876,3.644,2019.2081428579984,2780.35,7505.16,303.0,100
806,1576.45,465.0,3.915,3.555,3008.48399999924,3860.48,8251.23,493.0,100
807,2091.2,736.7999999998137,4.001,3.425,4688.328000000212,5624.33,8845.25,984.0,100
808,2042.37,698.3936000000685,3.994,3.441,4529.9590000002645,5480.36,8741.28,942.0,100
809,2012.29,672.0,3.987,3.456,4421.920999999158,5372.32,8765.15,899.0,100
810,2163.77,786.0,4.008,3.401,4918.790999999736,5876.39,9027.52,1038.0,100
811,1144.13,314.47619047760963,3.857,3.666,1787.7175714299085,2492.29,7473.76,187.0,100
812,1179.31,323.3333333339542,3.87,3.653,1856.437000000849,2600.44,7440.12,258.0,100
813,2102.91,738.0,4.001,3.422,4724.351999999955,5660.35,8913.22,989.0,100
814,1543.88,454.0,3.91,3.56,2906.2180000003427,3752.22,8158.66,476.0,100
815,2054.41,713.6000000000931,3.998,3.434,4562.375,5516.38,8763.88,959.0,100
816,987.59,268.2197802197188,3.823,3.696,1376.4059999994934,2024.41,7142.19,63.0,100
817,1093.22,300.17142857052386,3.849,3.673,1648.8834285717458,2348.31,7326.59,154.0,100
818,1599.69,478.0,3.925,3.541,3061.175000000745,3932.38,8231.94,529.0,100
819,2081.8,727.2000000001863,4.001,3.428,4652.312000000384,5588.31,8816.34,979.0,100
820,1583.84,468.0,3.916,3.555,3032.3279999997467,3896.33,8260.97,496.0,100
821,1543.88,454.0,3.91,3.56,2906.2180000003427,3752.22,8158.66,476.0,100
822,1723.36,510.0,3.954,3.526,3506.319000001065,4400.32,8268.35,655.0,100
823,1402.72,388.80000000074506,3.907,3.612,2552.351999999956,3356.35,7755.65,410.0,100
824,1528.25,447.4285714291036,3.907,3.563,2846.344000000506,3716.34,8137.16,467.0,100
825,1211.47,333.3333333339542,3.871,3.649,1910.343999998644,2672.34,7506.84,288.0,100
826,2239.56,859.1960000002291,4.044,3.377,5139.368000000017,6112.36,9179.43,1088.0,100
827,2050.28,712.0,3.998,3.435,4550.406000000425,5516.41,8748.69,956.0,100
828,1024.32,281.2747252751142,3.829,3.693,1475.258000003174,2132.26,7256.93,91.0,100
829,2163.77,786.0,4.008,3.401,4918.790999999736,5876.39,9027.52,1038.0,100
830,1119.91,321.60150000080466,3.849,3.807,1477.343999998644,2303.02,7935.33,199.0,100
831,928.0,247.1785714291036,3.81,3.709,1232.25,1844.25,7071.31,4.0,100
832,2192.56,813.594000000041,4.044,3.388,4978.280999999726,5958.28,9049.44,1056.0,100
833,1879.31,598.4000000003725,3.977,3.482,3989.974999999628,4904.38,8457.62,808.0,100
834,2020.78,685.6000000000931,3.994,3.447,4454.375,5408.38,8719.75,924.0,100
835,1010.53,275.5714285708964,3.828,3.694,1434.76600000076,2096.27,7259.27,78.0,100
836,1075.75,296.10389610379934,3.845,3.677,1596.75,2276.25,7310.38,145.0,100
837,996.22,271.38461538404226,3.825,3.695,1398.875,2024.38,7173.94,68.0,100
838,1857.72,584.0,3.975,3.491,3925.1749999998137,4832.38,8439.19,771.0,100
839,1534.94,451.2857142854482,3.909,3.561,2870.375,3716.38,8144.38,471.0,100
840,1657.0,504.0,3.932,3.526,3266.375,4148.38,8271.62,572.0,100
841,1494.75,431.1428571436554,3.904,3.57,2750.3279999997467,3608.33,8056.81,448.0,100
842,1987.56,668.7999999998137,3.991,3.453,4346.343499999959,5300.31,8610.0,904.0,100
843,1214.78,335.0,3.874,3.645,1952.375,2708.38,7490.38,283.0,100
844,1510.05,439.21979999914765,3.904,3.57,2792.320000000298,3644.32,8061.76,461.0,100
845,1958.5,644.7999999998137,3.985,3.465,4256.406000000425,5192.41,8616.53,871.0,100
846,1147.39,318.0,3.857,3.662,1784.320000000298,2492.32,7470.59,213.0,100
847,1503.13,435.4285714291036,3.904,3.57,2780.321000000462,3608.32,8037.16,456.0,100
848,961.16,261.59999999962747,3.812,3.947,998.343999998644,1736.34,7696.0,50.0,100
849,2152.42,782.3999999999069,4.008,3.403,4889.913000000175,5840.31,8965.95,1032.0,100
850,1884.0,602.4000000003725,3.978,3.487,4025.9440000010654,4940.34,8482.75,789.0,100
851,2180.13,797.6000000000931,4.007,3.394,4969.178400000092,5912.35,9093.92,1045.0,100
852,1235.69,342.5,3.88,3.635,2024.3129999991504,2780.38,7484.38,336.0,100
853,1142.44,326.375,3.858,3.804,1463.375,2289.0,7887.81,223.0,100
854,1713.63,507.4285714281723,3.954,3.526,3478.7519999993965,4364.35,8211.36,652.0,100
855,2039.71,698.3999999999069,3.995,3.441,4522.7209999994375,5480.32,8740.1,941.0,100
856,1452.91,417.2571428567171,3.896,3.581,2606.281000001356,3428.28,8034.41,419.0,100
857,2223.88,844.7970000002533,4.045,3.378,5090.312000000151,6063.3,9133.25,1079.0,100
858,1016.83,277.84615384601057,3.828,3.692,1452.8440000005066,2096.34,7256.48,84.0,100
859,1140.93,313.59999999962747,3.857,3.667,1777.4938571434468,2492.35,7491.55,186.0,100
860,1561.56,461.1428571436554,3.906,3.567,2900.344000000506,3752.34,8209.66,487.0,100
861,191180.17,168943.6839999985,4.228,3.353,54540.004000000656,65881.38,65881.38,198.0,100
862,2206.88,823.219000000041,4.045,3.382,5027.280999999959,6000.25,9091.78,1064.0,100
863,1255.19,346.5,3.886,3.632,2054.3120000008494,2816.31,7573.19,351.0,100
864,1100.69,302.0,3.851,3.673,1659.2321428563446,2348.38,7402.41,157.0,100
865,1774.34,536.0,3.961,3.516,3665.9599999999614,4580.36,8342.41,695.0,100
866,2173.44,793.0,4.008,3.398,4947.551000000443,5912.35,9080.74,1042.0,100
867,1932.0,634.0,3.983,3.47,4166.375,5084.38,8580.88,855.0,100
868,1575.94,466.7142857145518,3.92,3.544,3003.5129999984056,3860.31,8133.75,517.0,100
869,1742.3,525.0,3.959,3.519,3557.952000000514,4472.35,8252.35,676.0,100
870,1831.29,570.4000000003725,3.97,3.497,3845.950999999419,4760.35,8370.62,751.0,100
871,1860.75,588.0,3.976,3.491,3938.4060000004247,4868.41,8446.72,773.0,100
872,1545.88,463.125,3.91,3.744,2807.25,3752.0,8415.62,514.0,100
873,1137.88,314.0,3.86,3.663,1751.6998571418226,2456.26,7397.22,202.0,100
874,1599.69,478.0,3.925,3.541,3061.175000000745,3932.38,8231.94,529.0,100
875,2028.0,688.7999999998137,3.995,3.444,4484.375,5408.38,8706.36,935.0,100
876,1630.82,468.0,3.941,3.553,3206.3509999997914,4076.35,8086.11,599.0,100
877,1927.2,626.4000000003725,3.98,3.471,4148.351000000723,5084.35,8560.48,845.0,100
878,1782.72,544.0,3.967,3.505,3680.328000000678,4580.33,8340.91,718.0,100
879,1366.11,379.5,3.9,3.617,2414.3209999986,3212.32,7691.17,405.0,100
880,1454.5,422.0571428555995,3.885,3.879,2391.5429999995977,3320.34,8164.44,440.0,100
881,1669.84,508.0,3.934,3.523,3314.31299999915,4184.31,8302.81,578.0,100
882,2138.88,770.0,4.008,3.407,4839.513000000268,5804.31,8950.19,1018.0,100
883,1642.98,472.0,3.941,3.554,3255.556000000797,4112.36,8074.56,604.0,100
884,963.44,261.2142857145518,3.816,3.701,1326.8129999991506,1952.31,7103.44,45.0,100
885,1138.62,313.59999999962747,3.855,3.671,1762.066285714507,2456.35,7388.1,194.0,100
886,1601.53,474.0,3.917,3.555,3098.289999999106,3968.29,8234.02,503.0,100
887,1588.75,474.0,3.922,3.541,3032.3120000008494,3896.31,8177.06,522.0,100
888,1899.74,609.5999999996275,3.979,3.48,4112.312999999151,5012.31,8526.72,794.0,100
889,1159.31,319.2380952369422,3.864,3.656,1797.9642857145518,2528.25,7395.5,248.0,100
890,1629.44,492.0,3.921,3.54,3140.31299999915,4004.31,8278.88,560.0,100
891,423271.35,168773.265,4.27,3.108,219923.99600000004,430028.84,430028.84,1097.0,100
892,2021.81,685.0,3.993,3.451,4436.343999999575,5372.34,8703.72,925.0,100
893,1200.06,344.4375,3.87,3.804,1694.375,2555.0,7858.5,320.0,100
894,1218.5,336.6666666660458,3.877,3.64,1967.7415714282545,2744.31,7413.12,323.0,100
895,1459.75,418.62857142835855,3.896,3.581,2624.3430000003427,3464.34,8004.0,423.0,100
896,2045.5,706.3999999999069,3.997,3.437,4537.112999999896,5480.31,8747.12,953.0,100
897,1779.75,540.0,3.961,3.517,3686.352000000887,4580.35,8345.21,697.0,100
898,1918.98,614.0,3.977,3.484,4124.320000000298,5048.32,8596.48,802.0,100
899,1693.76,502.80449999962,3.958,3.729,3318.375,4270.02,8380.2,659.0,100
900,2009.31,668.0,3.987,3.458,4414.752000000328,5336.35,8738.72,898.0,100
901,2024.38,687.2020666664466,3.994,3.444,4472.312000000384,5408.31,8708.16,933.0,100
902,2017.06,676.813000000082,4.003,3.697,4389.343999999575,5355.0,8766.66,927.0,100
903,1224.88,337.5,3.879,3.638,1983.169142857194,2744.31,7461.5,326.0,100
904,1646.19,498.8571428563446,3.932,3.527,3226.5620000008494,4114.56,8250.62,566.0,100
905,1171.44,324.40000000037253,3.863,3.654,1826.25,2564.25,7374.47,266.0,100
906,952.62,257.48571428470314,3.816,3.704,1286.3129999991506,1916.31,7064.31,30.0,100
907,1103.28,302.7428571432829,3.852,3.671,1664.313000002876,2348.31,7379.5,161.0,100
908,2018.08,685.6000000000931,3.994,3.446,4443.558999999892,5372.36,8710.62,928.0,100
909,2051.94,711.6000000000931,3.998,3.435,4551.512000000104,5516.31,8772.62,957.0,100
910,1206.41,332.0,3.874,3.646,1928.343999998644,2672.34,7567.38,280.0,100
911,2109.81,739.186999999918,4.014,3.674,4690.25,5656.0,8884.06,1000.0,100
912,1937.95,633.5999999996275,3.982,3.469,4177.053999999538,5120.25,8611.84,850.0,100
913,1608.36,462.8571428572759,3.943,3.543,3116.35899999924,4004.36,8032.36,616.0,100
914,2052.81,711.6000000000931,3.998,3.434,4558.74300000025,5516.34,8734.62,958.0,100
915,1885.44,604.0,3.978,3.48,4004.375,4940.38,8518.72,811.0,100
916,940.75,252.6999999992549,3.814,3.706,1259.375,1880.38,7119.5,16.0,100
917,940.81,252.1142857149244,3.815,3.706,1259.375,1880.38,7123.25,12.0,100
918,1087.94,310.3959999997169,3.837,3.809,1386.359999999404,2198.02,7882.45,174.0,100
919,1097.41,301.17210000008345,3.85,3.672,1659.2011428568512,2348.34,7364.12,156.0,100
920,1463.72,421.5,3.897,3.579,2648.2180000003427,3500.22,8015.53,428.0,100
921,1756.42,530.0,3.959,3.519,3602.328000000678,4508.33,8266.09,688.0,100
922,1892.89,604.0,3.978,3.486,4052.321000000462,4976.31,8481.77,792.0,100
923,1678.66,493.7142857145518,3.948,3.498,3536.343999999576,4436.34,8441.59,640.0,100
924,1555.38,459.0,3.911,3.558,2948.375,3824.38,8142.44,481.0,100
925,1602.05,473.0,3.909,3.566,3044.353000000119,3932.35,8378.82,511.0,100
926,2220.53,832.8130000003148,4.045,3.379,5069.375,6049.38,9155.72,1070.0,100
927,1635.81,474.4285714281723,3.947,3.54,3206.321000000462,4076.32,8070.05,631.0,100
928,1510.05,439.21979999914765,3.904,3.57,2792.320000000298,3644.32,8061.76,461.0,100
929,1142.95,315.3333333339542,3.859,3.665,1751.749571427703,2456.32,7420.67,208.0,100
930,1305.47,362.0,3.892,3.621,2216.344000000506,2996.34,7649.38,379.0,100
931,1107.44,305.3333333339542,3.851,3.672,1673.21799999848,2348.22,7314.94,168.0,100
932,2219.75,828.0,4.041,3.686,5020.311999999685,6000.31,9174.41,1072.0,100
933,1771.25,539.2000000001863,3.965,3.507,3644.311999998986,4544.31,8279.94,711.0,100
934,1241.28,342.0,3.878,3.646,2042.2695000004023,2816.25,7555.33,308.0,100
935,1185.03,326.6666666660458,3.869,3.65,1885.455857142806,2636.38,7438.47,273.0,100
936,943.5,254.1176470592618,3.811,3.707,1248.3120000008494,1844.31,7093.75,22.0,100
937,2045.5,706.3999999999069,3.997,3.437,4537.112999999896,5480.31,8747.12,953.0,100
938,1361.54,377.4857142847032,3.899,3.616,2390.226999999956,3176.23,7737.66,402.0,100
939,1112.7,306.40000000037253,3.852,3.671,1704.890999998897,2384.39,7306.92,176.0,100
940,1182.44,326.6666666660458,3.869,3.651,1870.0262857154007,2600.31,7411.25,275.0,100
941,1134.39,310.80000000074506,3.857,3.667,1756.9154285695404,2456.34,7448.73,180.0,100
942,1725.63,510.0,3.954,3.526,3512.354000000283,4400.35,8290.72,656.0,100
943,1159.0,320.6666666660458,3.864,3.655,1808.25,2528.25,7382.0,251.0,100
944,2160.17,786.0,4.008,3.401,4911.550999999978,5876.35,9000.64,1036.0,100
945,2076.91,729.6000000000931,4.001,3.427,4640.359000000637,5588.36,8797.52,976.0,100
946,1472.66,426.0,3.896,3.578,2672.31299999915,3536.31,8042.94,437.0,100
947,1654.91,502.0154999997467,3.932,3.526,3260.344000000506,4148.34,8261.44,571.0,100
948,1022.75,281.2747252751142,3.829,3.692,1470.8820000011474,2132.38,7283.07,90.0,100
949,973.53,264.19999999925494,3.82,3.699,1340.406000001356,1952.41,7133.5,52.0,100
950,2016.12,686.3999999999069,3.993,3.446,4442.343999999575,5372.34,8699.53,922.0,100
951,2051.17,704.0,3.995,3.438,4556.339333333075,5516.32,8789.41,945.0,100
952,1800.26,546.0,3.96,3.518,3744.9930000007153,4652.19,8404.42,706.0,100
953,2149.92,778.3999999999069,4.008,3.403,4880.342999999877,5840.34,8958.81,1030.0,100
954,1859.22,588.0,3.976,3.49,3932.3429999994114,4832.34,8451.0,772.0,100
955,1642.98,472.0,3.941,3.554,3255.556000000797,4112.36,8074.56,604.0,100
956,1133.81,313.54285714402795,3.86,3.661,1736.3120000008494,2456.31,7364.44,225.0,100
957,1136.0,315.3333333339542,3.858,3.66,1756.759428570047,2492.19,7387.31,242.0,100
958,1365.63,377.08062499947846,3.9,3.616,2402.3209999986,3212.32,7764.99,404.0,100
959,1864.75,590.4000000003725,3.975,3.49,3956.375,4868.38,8464.0,775.0,100
960,996.06,272.0,3.822,3.699,1380.75,2024.25,7311.09,74.0,100
961,2124.41,764.3999999999069,4.006,3.411,4796.375,5768.38,8916.5,1010.0,100
962,1664.78,504.0,3.934,3.524,3296.375,4184.38,8268.09,576.0,100
963,1873.94,595.188000000082,3.984,3.714,3906.311999999918,4865.0,8602.12,806.0,100
964,1295.42,372.0,3.881,3.794,2051.39100000076,2940.0,8048.64,392.0,100
965,1234.38,341.69999999925494,3.88,3.636,2012.3129999991504,2780.31,7470.06,335.0,100
966,1639.0,495.0,3.93,3.534,3176.31299999915,4040.31,8300.88,558.0,100
967,2218.41,837.594000000041,4.046,3.393,5069.313000000082,6042.31,9101.06,1075.0,100
968,1039.44,286.2857142854482,3.839,3.683,1502.375,2168.38,7230.38,110.0,100
969,1774.34,536.0,3.961,3.516,3665.9599999999614,4580.36,8342.41,695.0,100
970,1620.49,468.0,3.945,3.542,3152.36233333312,4040.35,8036.35,622.0,100
971,1829.09,568.0,3.97,3.497,3842.387000000104,4760.39,8359.2,750.0,100
972,952.62,257.48571428470314,3.816,3.704,1286.3129999991506,1916.31,7064.31,30.0,100
973,1170.66,324.6666666660458,3.864,3.654,1826.3430000003427,2564.34,7408.78,267.0,100
974,1235.62,340.5,3.876,3.647,2034.6367142871024,2780.35,7596.45,311.0,100
975,1235.58,340.0,3.878,3.644,2029.400857143104,2780.26,7555.91,304.0,100
976,1890.94,607.2000000001863,3.978,3.478,4025.974999999628,4940.38,8508.56,816.0,100
977,1103.5,302.96103896200657,3.852,3.671,1664.3129999991506,2348.31,7421.41,160.0,100
978,1913.92,618.0,3.981,3.486,4076.3519999999553,5012.35,8533.6,795.0,100
979,2250.62,868.8009999999776,4.044,3.374,5160.289000000106,6140.29,9245.53,1092.0,100
980,1629.89,474.0,3.947,3.54,3188.3240000000224,4076.32,8055.01,627.0,100
981,1793.12,540.0,3.961,3.516,3728.285000000149,4616.29,8377.02,702.0,100
982,2063.19,716.7814000002109,3.999,3.431,4592.311999999918,5552.31,8806.03,964.0,100
983,1789.64,549.5999999996275,3.967,3.504,3704.35899999924,4616.36,8351.62,722.0,100
984,2173.44,793.0,4.008,3.398,4947.551000000443,5912.35,9080.74,1042.0,100
985,1903.68,606.0,3.978,3.485,4088.321000000462,5012.32,8521.09,796.0,100
986,1077.5,297.59999999962747,3.846,3.675,1601.375,2276.38,7361.81,137.0,100
987,2160.17,786.0,4.008,3.401,4911.550999999978,5876.35,9000.64,1036.0,100
988,1608.36,462.8571428572759,3.943,3.543,3116.35899999924,4004.36,8032.36,616.0,100
989,1497.44,433.0285714287311,3.905,3.571,2762.351999999956,3608.35,8054.95,451.0,100
990,1951.09,643.2319999998435,3.986,3.466,4227.513000000268,5156.31,8593.88,867.0,100
991,1502.2,434.7428571432829,3.902,3.571,2786.320000000298,3644.32,8057.57,457.0,100
992,2198.19,816.0,4.044,3.385,4999.219000000041,5972.22,9067.53,1060.0,100
993,1926.2,626.4000000003725,3.981,3.471,4141.150999999605,5084.35,8581.86,844.0,100
994,2234.38,852.0,4.045,3.378,5118.368000000017,6091.36,9176.38,1085.0,100
995,1295.75,358.5,3.891,3.623,2198.344000000506,2996.34,7632.0,376.0,100
996,1454.94,416.1428571436554,3.897,3.581,2618.375,3464.38,7986.59,421.0,100
997,1200.03,332.0,3.868,3.648,1921.470857143402,2672.33,7497.8,289.0,100
998,959.12,258.8571428563446,3.817,3.702,1308.875,1916.38,7094.12,38.0,100
999,1919.26,614.0,3.977,3.486,4106.352000000887,5012.35,8624.83,803.0,100
1000,1963.03,646.4000000003725,3.986,3.464,4270.7750000003725,5192.38,8609.84,873.0,100
1001,1154.5,318.0,3.864,3.657,1787.6785714291036,2492.25,7388.25,231.0,100
1002,1799.46,544.8185999998823,3.96,3.521,3724.5610000006855,4618.56,8461.89,707.0,100
1003,206007.26,-64192.716000019806,4.271,3.166,72809.98200000008,84474.65,84474.65,1048.0,100
1004,2192.56,813.594000000041,4.044,3.388,4978.280999999726,5958.28,9049.44,1056.0,100
1005,1761.23,530.0,3.96,3.518,3615.4189999997616,4508.22,8298.66,690.0,100
1006,2143.12,774.0,4.008,3.407,4853.943000000436,5804.34,8977.41,1020.0,100
1007,1595.81,474.0,3.924,3.539,3062.3120000008494,3932.31,8222.94,528.0,100
1008,1909.73,608.0,3.978,3.485,4105.023000000976,5012.22,8550.15,798.0,100
1009,1909.73,608.0,3.978,3.485,4105.023000000976,5012.22,8550.15,798.0,100
1010,1561.19,461.5714285708964,3.912,3.558,2966.344000000506,3824.34,8170.94,483.0,100
1011,1231.39,339.0,3.876,3.644,2019.2081428579984,2780.35,7505.16,303.0,100
1012,1166.75,322.47619047760963,3.867,3.653,1839.2321428563448,2564.38,7367.5,253.0,100
1013,1075.5,296.80000000074506,3.845,3.678,1587.2321428563446,2276.38,7300.88,143.0,100
1014,1474.34,427.1999999992549,3.895,3.581,2648.2809999994934,3500.28,8062.22,438.0,100
1015,423271.35,168773.265,4.27,3.108,219923.99600000004,430028.84,430028.84,1097.0,100
1016,1599.69,478.0,3.925,3.541,3061.175000000745,3932.38,8231.94,529.0,100
1017,1595.38,476.0,3.914,3.849,2834.375,3788.38,8369.19,537.0,100
1018,2012.29,672.0,3.987,3.456,4421.920999999158,5372.32,8765.15,899.0,100
1019,2248.6,868.7969999997877,4.044,3.375,5160.320999999763,6133.34,9248.32,1091.0,100
1020,1211.94,335.46666666679084,3.877,3.641,1952.375,2708.38,7439.38,321.0,100
1021,1594.76,473.1428571436554,3.915,3.555,3074.320000000298,3932.32,8220.89,501.0,100
1022,1570.94,465.4285714291036,3.914,3.556,2990.375,3860.38,8180.38,491.0,100
1023,1906.72,616.0,3.979,3.475,4082.344000000506,5012.34,8489.94,831.0,100
1024,1141.88,316.6666666660458,3.86,3.663,1736.3129999991506,2456.31,7342.56,241.0,100
1025,1122.77,308.0,3.854,3.667,1741.423857141286,2456.28,7363.94,178.0,100
1026,1628.56,489.8571428563446,3.928,3.533,3164.375,4040.38,8259.62,552.0,100
1027,1261.19,349.0,3.885,3.63,2090.3120000008494,2888.31,7500.38,360.0,100
1028,1231.38,341.69999999925494,3.88,3.637,1998.660714285448,2780.38,7441.62,333.0,100
1029,1623.46,469.0,3.945,3.542,3161.950999999419,4040.35,8035.39,624.0,100
1030,1341.34,371.4000000003725,3.895,3.617,2336.3279999997467,3140.33,7716.0,397.0,100
1031,1122.77,308.0,3.854,3.667,1741.423857141286,2456.28,7363.94,178.0,100
1032,1623.46,469.0,3.945,3.542,3161.950999999419,4040.35,8035.39,624.0,100
1033,2012.29,672.0,3.987,3.456,4421.920999999158,5372.32,8765.15,899.0,100
1034,1576.45,465.0,3.915,3.555,3008.48399999924,3860.48,8251.23,493.0,100
1035,1010.53,275.5714285708964,3.828,3.694,1434.76600000076,2096.27,7259.27,78.0,100
1036,1143.06,316.0,3.861,3.661,1731.1071428563446,2456.25,7329.56,239.0,100
1037,1119.91,321.60150000080466,3.849,3.807,1477.343999998644,2303.02,7935.33,199.0,100
1038,1138.33,313.0285714287311,3.857,3.667,1756.9154285732657,2456.34,7459.86,182.0,100
1039,1239.07,339.92479999922216,3.877,3.648,2039.780571429059,2780.35,7564.77,310.0,100
1040,2032.0,692.7999999998137,3.994,3.443,4493.972199999727,5444.34,8720.34,937.0,100
1041,1075.75,296.10389610379934,3.845,3.677,1596.75,2276.25,7310.38,145.0,100
1042,1232.25,338.6666666660458,3.875,3.643,2003.7415714282545,2744.31,7575.81,298.0,100
1043,1212.36,335.5,3.868,3.91,1784.327999999747,2636.33,7842.47,294.0,100
1044,1454.5,422.0571428555995,3.885,3.879,2391.5429999995977,3320.34,8164.44,440.0,100
1045,1269.31,351.59999999962747,3.885,3.631,2091.169142857194,2888.31,7531.88,364.0,100
1046,994.03,272.30769230797887,3.825,3.696,1396.9464285708964,2024.38,7197.66,67.0,100
1047,1795.14,544.0,3.962,3.517,3737.821999999695,4652.22,8360.35,703.0,100
1048,1454.94,416.1428571436554,3.897,3.581,2618.375,3464.38,7986.59,421.0,100
1049,1582.43,466.2857142854482,3.895,3.571,3500.351999999956,4652.35,10440.0,512.0,100
1050,1018.82,278.1098901089281,3.827,3.697,1457.2269999999553,2096.23,7207.27,96.0,100
1051,1585.98,460.8130000010133,3.941,3.755,2940.3429999994114,3884.98,8225.38,611.0,100
1052,1413.25,422.4069999996573,3.878,3.769,2394.343999998644,3325.0,8388.0,417.0,100
1053,2093.19,735.0,4.001,3.424,4695.589999999851,5660.39,8846.05,985.0,100
1054,1638.66,469.0,3.941,3.554,3236.2270000008866,4112.23,8120.96,602.0,100
1055,1228.28,351.6019999999553,3.874,3.802,1785.25,2646.02,7979.39,295.0,100
1056,2198.19,816.0,4.044,3.385,4999.219000000041,5972.22,9067.53,1060.0,100
1057,1112.7,306.40000000037253,3.852,3.671,1704.890999998897,2384.39,7306.92,176.0,100
1058,1636.58,474.4285714281723,3.947,3.541,3206.287000000477,4076.29,8071.55,632.0,100
1059,974.19,264.8571428563446,3.821,3.699,1340.3129999991506,1952.31,7125.94,53.0,100
1060,963.44,261.2142857145518,3.816,3.701,1326.8129999991506,1952.31,7103.44,45.0,100
1061,1602.95,461.0,3.944,3.545,3097.1749999998137,3968.38,8050.02,612.0,100
1062,2149.92,778.3999999999069,4.008,3.403,4880.342999999877,5840.34,8958.81,1030.0,100
1063,197016.9,3082.4887500004843,4.262,3.297,64619.9980000006,76089.12,76089.12,709.0,100
1064,3228.58,1135.3493333333172,3.689,3.485,5033.07569230767,5969.89,5969.89,1101.0,100
1065,1627.68,471.8571428572759,3.946,3.54,3176.3209999995306,4076.32,8079.61,626.0,100
1066,1140.93,313.59999999962747,3.857,3.667,1777.4938571434468,2492.35,7491.55,186.0,100
1067,1561.19,461.5714285708964,3.912,3.558,2966.344000000506,3824.34,8170.94,483.0,100
1068,1134.94,314.0,3.86,3.661,1741.5178571436554,2456.38,7393.06,226.0,100
1069,1255.19,346.5,3.886,3.632,2054.3120000008494,2816.31,7573.19,351.0,100
1070,959.12,258.8571428563446,3.817,3.702,1308.875,1916.38,7094.12,38.0,100
1071,1454.94,416.1428571436554,3.897,3.581,2618.375,3464.38,7986.59,421.0,100
1072,1043.38,288.2857142854482,3.836,3.684,1515.875,2168.38,7301.5,123.0,100
1073,941.31,252.85714285820723,3.814,3.705,1259.375,1880.38,7125.38,15.0,100
1074,1623.88,467.5714285718277,3.941,3.553,3182.3829999994487,4040.38,8070.71,596.0,100
1075,940.75,253.40000000037253,3.814,3.705,1259.375,1880.38,7135.56,14.0,100
1076,960.5,259.90000000037253,3.817,3.701,1313.375,1952.38,7024.5,39.0,100
1077,1101.66,302.22857142984867,3.852,3.671,1664.375,2348.38,7374.25,159.0,100
1078,1046.56,288.0,3.838,3.684,1515.811999997124,2168.31,7209.62,121.0,100
1079,1252.31,346.6666666660458,3.885,3.632,2054.375,2816.38,7599.12,350.0,100
1080,1908.34,614.4000000003725,3.978,3.478,4076.343000000343,5012.34,8534.06,827.0,100
